#pragma once
#include <cstddef>
enum { WISDM_TFLITE_LEN = 29288 };
alignas(16) static const unsigned char WISDM_TFLITE[] = {
  0x1c, 0x00, 0x00, 0x00, 0x54, 0x46, 0x4c, 0x33, 0x14, 0x00, 0x20, 0x00, 0x1c, 0x00, 0x18, 0x00,
  0x14, 0x00, 0x10, 0x00, 0x0c, 0x00, 0x00, 0x00, 0x08, 0x00, 0x04, 0x00, 0x14, 0x00, 0x00, 0x00,
  0x1c, 0x00, 0x00, 0x00, 0x1c, 0x00, 0x00, 0x00, 0x6c, 0x00, 0x00, 0x00, 0x74, 0x3f, 0x00, 0x00,
  0x84, 0x3f, 0x00, 0x00, 0x48, 0x71, 0x00, 0x00, 0x03, 0x00, 0x00, 0x00, 0x00, 0x00, 0x00, 0x00,
  0x02, 0x00, 0x00, 0x00, 0x2c, 0x00, 0x00, 0x00, 0x04, 0x00, 0x00, 0x00, 0x8c, 0xb3, 0xff, 0xff,
  0x81, 0x00, 0x00, 0x00, 0x04, 0x00, 0x00, 0x00, 0x13, 0x00, 0x00, 0x00, 0x43, 0x4f, 0x4e, 0x56,
  0x45, 0x52, 0x53, 0x49, 0x4f, 0x4e, 0x5f, 0x4d, 0x45, 0x54, 0x41, 0x44, 0x41, 0x54, 0x41, 0x00,
  0xb0, 0xb3, 0xff, 0xff, 0x80, 0x00, 0x00, 0x00, 0x04, 0x00, 0x00, 0x00, 0x13, 0x00, 0x00, 0x00,
  0x6d, 0x69, 0x6e, 0x5f, 0x72, 0x75, 0x6e, 0x74, 0x69, 0x6d, 0x65, 0x5f, 0x76, 0x65, 0x72, 0x73,
  0x69, 0x6f, 0x6e, 0x00, 0x82, 0x00, 0x00, 0x00, 0x04, 0x3f, 0x00, 0x00, 0xfc, 0x3e, 0x00, 0x00,
  0xec, 0x36, 0x00, 0x00, 0x5c, 0x36, 0x00, 0x00, 0x4c, 0x22, 0x00, 0x00, 0xbc, 0x20, 0x00, 0x00,
  0xac, 0x18, 0x00, 0x00, 0x9c, 0x14, 0x00, 0x00, 0x8c, 0x08, 0x00, 0x00, 0xbc, 0x07, 0x00, 0x00,
  0x6c, 0x07, 0x00, 0x00, 0x1c, 0x07, 0x00, 0x00, 0xcc, 0x06, 0x00, 0x00, 0xa4, 0x06, 0x00, 0x00,
  0xd4, 0x05, 0x00, 0x00, 0xc0, 0x05, 0x00, 0x00, 0x70, 0x05, 0x00, 0x00, 0x20, 0x05, 0x00, 0x00,
  0xd0, 0x04, 0x00, 0x00, 0xbc, 0x04, 0x00, 0x00, 0xa8, 0x04, 0x00, 0x00, 0x90, 0x04, 0x00, 0x00,
  0x78, 0x04, 0x00, 0x00, 0x60, 0x04, 0x00, 0x00, 0x4c, 0x04, 0x00, 0x00, 0x38, 0x04, 0x00, 0x00,
  0x20, 0x04, 0x00, 0x00, 0x08, 0x04, 0x00, 0x00, 0xf0, 0x03, 0x00, 0x00, 0xd8, 0x03, 0x00, 0x00,
  0xc0, 0x03, 0x00, 0x00, 0xa8, 0x03, 0x00, 0x00, 0x90, 0x03, 0x00, 0x00, 0x78, 0x03, 0x00, 0x00,
  0x70, 0x03, 0x00, 0x00, 0x68, 0x03, 0x00, 0x00, 0x60, 0x03, 0x00, 0x00, 0x58, 0x03, 0x00, 0x00,
  0x50, 0x03, 0x00, 0x00, 0x48, 0x03, 0x00, 0x00, 0x40, 0x03, 0x00, 0x00, 0x38, 0x03, 0x00, 0x00,
  0x30, 0x03, 0x00, 0x00, 0x28, 0x03, 0x00, 0x00, 0x20, 0x03, 0x00, 0x00, 0x18, 0x03, 0x00, 0x00,
  0x10, 0x03, 0x00, 0x00, 0x08, 0x03, 0x00, 0x00, 0x00, 0x03, 0x00, 0x00, 0xf8, 0x02, 0x00, 0x00,
  0xf0, 0x02, 0x00, 0x00, 0xe8, 0x02, 0x00, 0x00, 0xe0, 0x02, 0x00, 0x00, 0xd8, 0x02, 0x00, 0x00,
  0xd0, 0x02, 0x00, 0x00, 0xc8, 0x02, 0x00, 0x00, 0xc0, 0x02, 0x00, 0x00, 0xb8, 0x02, 0x00, 0x00,
  0xb0, 0x02, 0x00, 0x00, 0xa8, 0x02, 0x00, 0x00, 0xa0, 0x02, 0x00, 0x00, 0x98, 0x02, 0x00, 0x00,
  0x90, 0x02, 0x00, 0x00, 0x88, 0x02, 0x00, 0x00, 0x80, 0x02, 0x00, 0x00, 0x78, 0x02, 0x00, 0x00,
  0x70, 0x02, 0x00, 0x00, 0x68, 0x02, 0x00, 0x00, 0x60, 0x02, 0x00, 0x00, 0x58, 0x02, 0x00, 0x00,
  0x50, 0x02, 0x00, 0x00, 0x48, 0x02, 0x00, 0x00, 0x40, 0x02, 0x00, 0x00, 0x38, 0x02, 0x00, 0x00,
  0x30, 0x02, 0x00, 0x00, 0x28, 0x02, 0x00, 0x00, 0x20, 0x02, 0x00, 0x00, 0x18, 0x02, 0x00, 0x00,
  0x10, 0x02, 0x00, 0x00, 0x08, 0x02, 0x00, 0x00, 0x00, 0x02, 0x00, 0x00, 0xf8, 0x01, 0x00, 0x00,
  0xf0, 0x01, 0x00, 0x00, 0xe8, 0x01, 0x00, 0x00, 0xe0, 0x01, 0x00, 0x00, 0xd8, 0x01, 0x00, 0x00,
  0xd0, 0x01, 0x00, 0x00, 0xc8, 0x01, 0x00, 0x00, 0xc0, 0x01, 0x00, 0x00, 0xb8, 0x01, 0x00, 0x00,
  0xb0, 0x01, 0x00, 0x00, 0xa8, 0x01, 0x00, 0x00, 0xa0, 0x01, 0x00, 0x00, 0x98, 0x01, 0x00, 0x00,
  0x90, 0x01, 0x00, 0x00, 0x88, 0x01, 0x00, 0x00, 0x80, 0x01, 0x00, 0x00, 0x78, 0x01, 0x00, 0x00,
  0x70, 0x01, 0x00, 0x00, 0x68, 0x01, 0x00, 0x00, 0x60, 0x01, 0x00, 0x00, 0x58, 0x01, 0x00, 0x00,
  0x50, 0x01, 0x00, 0x00, 0x48, 0x01, 0x00, 0x00, 0x40, 0x01, 0x00, 0x00, 0x38, 0x01, 0x00, 0x00,
  0x30, 0x01, 0x00, 0x00, 0x28, 0x01, 0x00, 0x00, 0x20, 0x01, 0x00, 0x00, 0x18, 0x01, 0x00, 0x00,
  0x10, 0x01, 0x00, 0x00, 0x08, 0x01, 0x00, 0x00, 0x00, 0x01, 0x00, 0x00, 0xf8, 0x00, 0x00, 0x00,
  0xf0, 0x00, 0x00, 0x00, 0xe8, 0x00, 0x00, 0x00, 0xe0, 0x00, 0x00, 0x00, 0xd8, 0x00, 0x00, 0x00,
  0xd0, 0x00, 0x00, 0x00, 0xc8, 0x00, 0x00, 0x00, 0xc0, 0x00, 0x00, 0x00, 0xb8, 0x00, 0x00, 0x00,
  0xb0, 0x00, 0x00, 0x00, 0xa8, 0x00, 0x00, 0x00, 0xa0, 0x00, 0x00, 0x00, 0x98, 0x00, 0x00, 0x00,
  0x90, 0x00, 0x00, 0x00, 0x88, 0x00, 0x00, 0x00, 0x68, 0x00, 0x00, 0x00, 0x04, 0x00, 0x00, 0x00,
  0x42, 0xaf, 0xff, 0xff, 0x04, 0x00, 0x00, 0x00, 0x54, 0x00, 0x00, 0x00, 0x0c, 0x00, 0x00, 0x00,
  0x08, 0x00, 0x0e, 0x00, 0x08, 0x00, 0x04, 0x00, 0x08, 0x00, 0x00, 0x00, 0x10, 0x00, 0x00, 0x00,
  0x24, 0x00, 0x00, 0x00, 0x00, 0x00, 0x06, 0x00, 0x08, 0x00, 0x04, 0x00, 0x06, 0x00, 0x00, 0x00,
  0x04, 0x00, 0x00, 0x00, 0x00, 0x00, 0x00, 0x00, 0x00, 0x00, 0x0a, 0x00, 0x10, 0x00, 0x0c, 0x00,
  0x08, 0x00, 0x04, 0x00, 0x0a, 0x00, 0x00, 0x00, 0x03, 0x00, 0x00, 0x00, 0x02, 0x00, 0x00, 0x00,
  0x04, 0x00, 0x00, 0x00, 0x06, 0x00, 0x00, 0x00, 0x32, 0x2e, 0x31, 0x36, 0x2e, 0x32, 0x00, 0x00,
  0xa2, 0xaf, 0xff, 0xff, 0x04, 0x00, 0x00, 0x00, 0x10, 0x00, 0x00, 0x00, 0x31, 0x2e, 0x31, 0x34,
  0x2e, 0x30, 0x00, 0x00, 0x00, 0x00, 0x00, 0x00, 0x00, 0x00, 0x00, 0x00, 0xd4, 0x90, 0xff, 0xff,
  0xd8, 0x90, 0xff, 0xff, 0xdc, 0x90, 0xff, 0xff, 0xe0, 0x90, 0xff, 0xff, 0xe4, 0x90, 0xff, 0xff,
  0xe8, 0x90, 0xff, 0xff, 0xec, 0x90, 0xff, 0xff, 0xf0, 0x90, 0xff, 0xff, 0xf4, 0x90, 0xff, 0xff,
  0xf8, 0x90, 0xff, 0xff, 0xfc, 0x90, 0xff, 0xff, 0x00, 0x91, 0xff, 0xff, 0x04, 0x91, 0xff, 0xff,
  0x08, 0x91, 0xff, 0xff, 0x0c, 0x91, 0xff, 0xff, 0x10, 0x91, 0xff, 0xff, 0x14, 0x91, 0xff, 0xff,
  0x18, 0x91, 0xff, 0xff, 0x1c, 0x91, 0xff, 0xff, 0x20, 0x91, 0xff, 0xff, 0x24, 0x91, 0xff, 0xff,
  0x28, 0x91, 0xff, 0xff, 0x2c, 0x91, 0xff, 0xff, 0x30, 0x91, 0xff, 0xff, 0x34, 0x91, 0xff, 0xff,
  0x38, 0x91, 0xff, 0xff, 0x3c, 0x91, 0xff, 0xff, 0x40, 0x91, 0xff, 0xff, 0x44, 0x91, 0xff, 0xff,
  0x48, 0x91, 0xff, 0xff, 0x4c, 0x91, 0xff, 0xff, 0x50, 0x91, 0xff, 0xff, 0x54, 0x91, 0xff, 0xff,
  0x58, 0x91, 0xff, 0xff, 0x5c, 0x91, 0xff, 0xff, 0x60, 0x91, 0xff, 0xff, 0x64, 0x91, 0xff, 0xff,
  0x68, 0x91, 0xff, 0xff, 0x6c, 0x91, 0xff, 0xff, 0x70, 0x91, 0xff, 0xff, 0x74, 0x91, 0xff, 0xff,
  0x78, 0x91, 0xff, 0xff, 0x7c, 0x91, 0xff, 0xff, 0x80, 0x91, 0xff, 0xff, 0x84, 0x91, 0xff, 0xff,
  0x88, 0x91, 0xff, 0xff, 0x8c, 0x91, 0xff, 0xff, 0x90, 0x91, 0xff, 0xff, 0x94, 0x91, 0xff, 0xff,
  0x98, 0x91, 0xff, 0xff, 0x9c, 0x91, 0xff, 0xff, 0xa0, 0x91, 0xff, 0xff, 0xa4, 0x91, 0xff, 0xff,
  0xa8, 0x91, 0xff, 0xff, 0xac, 0x91, 0xff, 0xff, 0xb0, 0x91, 0xff, 0xff, 0xb4, 0x91, 0xff, 0xff,
  0xb8, 0x91, 0xff, 0xff, 0xbc, 0x91, 0xff, 0xff, 0xc0, 0x91, 0xff, 0xff, 0xc4, 0x91, 0xff, 0xff,
  0xc8, 0x91, 0xff, 0xff, 0xcc, 0x91, 0xff, 0xff, 0xd0, 0x91, 0xff, 0xff, 0xd4, 0x91, 0xff, 0xff,
  0xd8, 0x91, 0xff, 0xff, 0xdc, 0x91, 0xff, 0xff, 0xe0, 0x91, 0xff, 0xff, 0xe4, 0x91, 0xff, 0xff,
  0xe8, 0x91, 0xff, 0xff, 0xec, 0x91, 0xff, 0xff, 0xf0, 0x91, 0xff, 0xff, 0xf4, 0x91, 0xff, 0xff,
  0xf8, 0x91, 0xff, 0xff, 0xfc, 0x91, 0xff, 0xff, 0x00, 0x92, 0xff, 0xff, 0x04, 0x92, 0xff, 0xff,
  0x08, 0x92, 0xff, 0xff, 0x0c, 0x92, 0xff, 0xff, 0x10, 0x92, 0xff, 0xff, 0x14, 0x92, 0xff, 0xff,
  0x18, 0x92, 0xff, 0xff, 0x1c, 0x92, 0xff, 0xff, 0x20, 0x92, 0xff, 0xff, 0x24, 0x92, 0xff, 0xff,
  0x28, 0x92, 0xff, 0xff, 0x2c, 0x92, 0xff, 0xff, 0x30, 0x92, 0xff, 0xff, 0x34, 0x92, 0xff, 0xff,
  0x38, 0x92, 0xff, 0xff, 0x3c, 0x92, 0xff, 0xff, 0x40, 0x92, 0xff, 0xff, 0x44, 0x92, 0xff, 0xff,
  0x48, 0x92, 0xff, 0xff, 0x36, 0xb1, 0xff, 0xff, 0x04, 0x00, 0x00, 0x00, 0x08, 0x00, 0x00, 0x00,
  0x00, 0x00, 0x00, 0x00, 0x07, 0x00, 0x00, 0x00, 0x4a, 0xb1, 0xff, 0xff, 0x04, 0x00, 0x00, 0x00,
  0x08, 0x00, 0x00, 0x00, 0x00, 0x00, 0x00, 0x00, 0x06, 0x00, 0x00, 0x00, 0x5e, 0xb1, 0xff, 0xff,
  0x04, 0x00, 0x00, 0x00, 0x08, 0x00, 0x00, 0x00, 0x00, 0x00, 0x00, 0x00, 0x05, 0x00, 0x00, 0x00,
  0x72, 0xb1, 0xff, 0xff, 0x04, 0x00, 0x00, 0x00, 0x08, 0x00, 0x00, 0x00, 0x00, 0x00, 0x00, 0x00,
  0x04, 0x00, 0x00, 0x00, 0x86, 0xb1, 0xff, 0xff, 0x04, 0x00, 0x00, 0x00, 0x08, 0x00, 0x00, 0x00,
  0x00, 0x00, 0x00, 0x00, 0x03, 0x00, 0x00, 0x00, 0x9a, 0xb1, 0xff, 0xff, 0x04, 0x00, 0x00, 0x00,
  0x08, 0x00, 0x00, 0x00, 0x00, 0x00, 0x00, 0x00, 0x02, 0x00, 0x00, 0x00, 0xae, 0xb1, 0xff, 0xff,
  0x04, 0x00, 0x00, 0x00, 0x08, 0x00, 0x00, 0x00, 0x01, 0x00, 0x00, 0x00, 0x01, 0x00, 0x00, 0x00,
  0xc2, 0xb1, 0xff, 0xff, 0x04, 0x00, 0x00, 0x00, 0x08, 0x00, 0x00, 0x00, 0x00, 0x00, 0x00, 0x00,
  0x01, 0x00, 0x00, 0x00, 0xd6, 0xb1, 0xff, 0xff, 0x04, 0x00, 0x00, 0x00, 0x04, 0x00, 0x00, 0x00,
  0xac, 0xc5, 0x27, 0x37, 0xe6, 0xb1, 0xff, 0xff, 0x04, 0x00, 0x00, 0x00, 0x04, 0x00, 0x00, 0x00,
  0x01, 0x00, 0x00, 0x00, 0xf6, 0xb1, 0xff, 0xff, 0x04, 0x00, 0x00, 0x00, 0x08, 0x00, 0x00, 0x00,
  0x00, 0x00, 0x00, 0x00, 0x08, 0x00, 0x00, 0x00, 0x0a, 0xb2, 0xff, 0xff, 0x04, 0x00, 0x00, 0x00,
  0x08, 0x00, 0x00, 0x00, 0x50, 0x00, 0x00, 0x00, 0x08, 0x00, 0x00, 0x00, 0x1e, 0xb2, 0xff, 0xff,
  0x04, 0x00, 0x00, 0x00, 0x08, 0x00, 0x00, 0x00, 0x00, 0x00, 0x00, 0x00, 0x00, 0x00, 0x00, 0x00,
  0x32, 0xb2, 0xff, 0xff, 0x04, 0x00, 0x00, 0x00, 0x04, 0x00, 0x00, 0x00, 0x00, 0x00, 0x00, 0x00,
  0x42, 0xb2, 0xff, 0xff, 0x04, 0x00, 0x00, 0x00, 0x04, 0x00, 0x00, 0x00, 0xff, 0xff, 0xff, 0xff,
  0x52, 0xb2, 0xff, 0xff, 0x04, 0x00, 0x00, 0x00, 0x40, 0x00, 0x00, 0x00, 0xb9, 0x1d, 0xd5, 0xbd,
  0x4f, 0xfc, 0x4b, 0x3c, 0x19, 0x27, 0x8f, 0x3d, 0x3b, 0x3f, 0xda, 0xbd, 0xce, 0x6c, 0x3f, 0x3d,
  0x3a, 0xf9, 0xcc, 0xbd, 0x34, 0x61, 0x79, 0x3d, 0xdd, 0x52, 0x1c, 0x3d, 0x7f, 0x72, 0xa4, 0x3d,
  0x95, 0x70, 0x0a, 0x3d, 0xe7, 0x6a, 0x81, 0x3c, 0x6b, 0x24, 0xc1, 0x3d, 0x2e, 0x7c, 0x57, 0xbb,
  0x71, 0xfb, 0x85, 0x3c, 0x1a, 0xde, 0x96, 0xbd, 0x69, 0x85, 0xac, 0x3d, 0x9e, 0xb2, 0xff, 0xff,
  0x04, 0x00, 0x00, 0x00, 0x40, 0x00, 0x00, 0x00, 0x2b, 0x1b, 0x81, 0x3f, 0x54, 0xcd, 0x5d, 0x3f,
  0xf5, 0x5d, 0x83, 0x3f, 0xde, 0xcd, 0x64, 0x3f, 0x42, 0x73, 0x81, 0x3f, 0xec, 0x55, 0x84, 0x3f,
  0x90, 0xec, 0x70, 0x3f, 0xa0, 0xf1, 0x7e, 0x3f, 0xfe, 0x10, 0x87, 0x3f, 0x9d, 0x64, 0x8b, 0x3f,
  0xa4, 0x8a, 0x7a, 0x3f, 0x2f, 0x0d, 0x86, 0x3f, 0xef, 0xdc, 0x7b, 0x3f, 0xde, 0xb2, 0x96, 0x3f,
  0xfe, 0xd3, 0x87, 0x3f, 0x79, 0xb7, 0x6b, 0x3f, 0xea, 0xb2, 0xff, 0xff, 0x04, 0x00, 0x00, 0x00,
  0x40, 0x00, 0x00, 0x00, 0xc2, 0xab, 0x6c, 0x3e, 0x73, 0x49, 0x6c, 0x3e, 0xeb, 0x5c, 0x03, 0xbe,
  0xba, 0xec, 0x11, 0x3e, 0x11, 0x98, 0x49, 0x3e, 0x81, 0x12, 0x05, 0x3e, 0x39, 0x61, 0x44, 0xbd,
  0xa7, 0x4c, 0x41, 0x3e, 0xe7, 0x9c, 0x17, 0xbe, 0x6d, 0x7c, 0x6f, 0xbe, 0xeb, 0x52, 0x51, 0xbd,
  0xc7, 0x91, 0xcd, 0xbd, 0xe8, 0x72, 0xb1, 0xbd, 0x59, 0x4f, 0x7b, 0xbe, 0x2c, 0xef, 0x33, 0x3e,
  0xa7, 0x69, 0x37, 0x3e, 0x36, 0xb3, 0xff, 0xff, 0x04, 0x00, 0x00, 0x00, 0x04, 0x00, 0x00, 0x00,
  0xf3, 0x04, 0xb5, 0x3e, 0x46, 0xb3, 0xff, 0xff, 0x04, 0x00, 0x00, 0x00, 0xc0, 0x00, 0x00, 0x00,
  0x9c, 0x7c, 0x12, 0x3e, 0x17, 0xa4, 0x80, 0x3d, 0xbe, 0x78, 0x06, 0xbd, 0x76, 0xe2, 0x1a, 0x3e,
  0xb4, 0x3e, 0xb7, 0x3d, 0x58, 0x5c, 0xf3, 0xbd, 0xbb, 0x47, 0x54, 0x3d, 0x60, 0x0f, 0x18, 0x3e,
  0x95, 0xb7, 0x32, 0x3d, 0xc8, 0x2a, 0xe4, 0x3c, 0x93, 0x96, 0xa5, 0x3d, 0xb4, 0xe7, 0xa9, 0x3d,
  0x13, 0x01, 0x8f, 0xbc, 0x10, 0x3f, 0xa5, 0xbd, 0x62, 0x52, 0x2d, 0xbd, 0x64, 0x24, 0x80, 0x3d,
  0xc6, 0x6c, 0xe5, 0xbb, 0xaa, 0x3b, 0xd2, 0xbc, 0x82, 0x20, 0x5e, 0x3b, 0x16, 0xbe, 0xe8, 0x3b,
  0xb7, 0xbe, 0x53, 0xbb, 0xc2, 0x04, 0x91, 0x3c, 0xc4, 0xbf, 0x7b, 0xbc, 0x71, 0xba, 0xbc, 0x3b,
  0x2b, 0xd5, 0x75, 0xbb, 0x28, 0x2d, 0xaf, 0xbb, 0x4e, 0x21, 0xc8, 0x3c, 0x6f, 0x4c, 0xa8, 0x3c,
  0xc5, 0x35, 0x1f, 0xbc, 0xcb, 0x9f, 0x4e, 0x3c, 0x92, 0x45, 0x12, 0x3c, 0x40, 0xcb, 0x8a, 0xbb,
  0x02, 0x91, 0x7a, 0x3e, 0xa7, 0x70, 0x8a, 0x3e, 0x48, 0x13, 0x59, 0xbd, 0x19, 0x5e, 0x48, 0xbe,
  0x9e, 0x37, 0x80, 0xbe, 0x9b, 0x89, 0x6c, 0xbe, 0xb6, 0xc4, 0x1c, 0xbd, 0xd7, 0x79, 0xf7, 0xbd,
  0x9f, 0xfd, 0xd2, 0x3d, 0x2e, 0x7c, 0x77, 0xbe, 0xa1, 0xa3, 0x9c, 0x3d, 0xe9, 0x70, 0x8c, 0x3d,
  0xb3, 0x41, 0x4e, 0xbe, 0xb4, 0x56, 0xd2, 0xbb, 0xcc, 0x6b, 0x1f, 0x3e, 0x6b, 0x35, 0x1c, 0x3e,
  0x12, 0xb4, 0xff, 0xff, 0x04, 0x00, 0x00, 0x00, 0x18, 0x00, 0x00, 0x00, 0xef, 0xb8, 0x90, 0x3c,
  0x85, 0xf6, 0xd5, 0x3d, 0xdf, 0xc8, 0xd1, 0xbc, 0x4e, 0x12, 0xd5, 0xbd, 0x20, 0xc3, 0x71, 0xbe,
  0x4f, 0x81, 0xc6, 0xbd, 0x36, 0xb4, 0xff, 0xff, 0x04, 0x00, 0x00, 0x00, 0x40, 0x00, 0x00, 0x00,
  0x19, 0x32, 0x9d, 0x3e, 0x10, 0xf1, 0x3b, 0x3e, 0x45, 0xa7, 0x9a, 0xbd, 0x83, 0x57, 0xd5, 0xbd,
  0xa6, 0x10, 0x45, 0x3e, 0x13, 0xad, 0x89, 0xbe, 0x6e, 0x9f, 0x96, 0x3e, 0x49, 0x44, 0x96, 0xbe,
  0x22, 0x6b, 0x81, 0xbe, 0xba, 0xa3, 0x97, 0xbe, 0x1f, 0xe8, 0x85, 0x3e, 0x30, 0x75, 0x8b, 0xbc,
  0xe7, 0xea, 0xba, 0x3d, 0x1c, 0xbe, 0x41, 0x3e, 0x11, 0x70, 0xd5, 0xbb, 0x06, 0x7f, 0x07, 0xbe,
  0x82, 0xb4, 0xff, 0xff, 0x04, 0x00, 0x00, 0x00, 0x40, 0x00, 0x00, 0x00, 0x49, 0x1c, 0x0a, 0x40,
  0x52, 0x0a, 0x05, 0x40, 0xbc, 0x70, 0x01, 0x40, 0x97, 0x95, 0xe6, 0x3f, 0x17, 0x1a, 0xcb, 0x3f,
  0x8a, 0xc3, 0xde, 0x3f, 0x39, 0xe3, 0xf9, 0x3f, 0x87, 0xc4, 0xe0, 0x3f, 0xe9, 0x7d, 0xfa, 0x3f,
  0xd7, 0x72, 0xe0, 0x3f, 0xea, 0x44, 0xd2, 0x3f, 0x90, 0x05, 0xcd, 0x3f, 0x49, 0xa5, 0xe5, 0x3f,
  0xbf, 0xba, 0xc4, 0x3f, 0x2a, 0x98, 0xe2, 0x3f, 0x6a, 0x74, 0xe5, 0x3f, 0xce, 0xb4, 0xff, 0xff,
  0x04, 0x00, 0x00, 0x00, 0x40, 0x00, 0x00, 0x00, 0xf0, 0x6e, 0x40, 0x3b, 0x95, 0x31, 0x2e, 0xbd,
  0xef, 0xe7, 0xff, 0xbd, 0xdc, 0x66, 0xff, 0xbd, 0xfd, 0x0a, 0x06, 0xbe, 0x19, 0x9f, 0x2e, 0xbe,
  0xfa, 0xac, 0x99, 0xbd, 0xe9, 0xf4, 0x16, 0xbd, 0x27, 0x3d, 0x26, 0xbe, 0xb8, 0xf4, 0xad, 0x3d,
  0x53, 0x10, 0x1f, 0xbe, 0x40, 0x36, 0x4f, 0x3d, 0x27, 0x3f, 0xfb, 0xbd, 0x83, 0x4f, 0xaa, 0x3d,
  0xfd, 0x13, 0x29, 0xbe, 0xf0, 0x7f, 0x55, 0x3c, 0x1a, 0xb5, 0xff, 0xff, 0x04, 0x00, 0x00, 0x00,
  0xc0, 0x00, 0x00, 0x00, 0x19, 0xae, 0xc7, 0x3e, 0x17, 0x82, 0xbb, 0xbd, 0x13, 0x27, 0xdc, 0x3e,
  0xa5, 0x17, 0x8d, 0xbe, 0x50, 0xd9, 0x13, 0x3c, 0x4e, 0xe7, 0xd7, 0x3d, 0xf0, 0x4b, 0xa1, 0xbe,
  0x07, 0xc5, 0xc5, 0xbe, 0x16, 0x27, 0xb0, 0x3e, 0xc9, 0x15, 0x04, 0x3e, 0x8f, 0x67, 0xbb, 0xbc,
  0x70, 0xc3, 0x06, 0x3f, 0x53, 0xc4, 0x4d, 0xbd, 0x45, 0x9e, 0xef, 0xbe, 0xdd, 0xc9, 0x0f, 0xbe,
  0xcd, 0xcf, 0x80, 0x3e, 0x66, 0x7c, 0x43, 0x3e, 0x8f, 0x03, 0x11, 0x3f, 0x64, 0x4f, 0xaa, 0x3d,
  0x29, 0x13, 0x8e, 0xbe, 0x39, 0xda, 0xd2, 0x3e, 0xd8, 0xb3, 0x81, 0xbe, 0x0b, 0xf3, 0xff, 0xbd,
  0x2c, 0xc0, 0x36, 0xbc, 0x77, 0xb4, 0xb5, 0xbd, 0x75, 0x98, 0x84, 0x3d, 0x36, 0xe4, 0xbb, 0xbe,
  0xea, 0xb9, 0x94, 0x3e, 0xba, 0x97, 0x8b, 0xbb, 0xab, 0xe4, 0x13, 0xbd, 0x13, 0x2f, 0x16, 0xbe,
  0x92, 0x61, 0xb4, 0x3e, 0x0b, 0xb0, 0xd1, 0xbe, 0x0e, 0xb3, 0xa8, 0xbe, 0x63, 0xed, 0xda, 0xbd,
  0xc0, 0xe1, 0x7e, 0x3e, 0xf3, 0x87, 0xbc, 0xbd, 0x6b, 0x82, 0xb8, 0x3e, 0xd7, 0x59, 0xc9, 0xbe,
  0x04, 0xb4, 0x34, 0x3e, 0x5b, 0x15, 0xbd, 0x3c, 0x2e, 0x9c, 0xb3, 0xbc, 0x6b, 0xaa, 0x04, 0xbe,
  0x43, 0x8d, 0xdd, 0x3e, 0x8c, 0x45, 0x4b, 0x3d, 0x59, 0xec, 0x10, 0xbe, 0x7d, 0x67, 0xba, 0x3c,
  0x62, 0x06, 0x74, 0xbe, 0xe6, 0xb5, 0xff, 0xff, 0x04, 0x00, 0x00, 0x00, 0x00, 0x0c, 0x00, 0x00,
  0x22, 0x96, 0xf0, 0xbd, 0x8f, 0xe0, 0xa7, 0xbd, 0xdc, 0x4f, 0xd7, 0xbc, 0x75, 0x41, 0x81, 0x3c,
  0x0c, 0x9a, 0x68, 0x3c, 0x61, 0xd4, 0x58, 0x3e, 0x8b, 0x09, 0xc8, 0x3d, 0x91, 0x30, 0xb8, 0x3e,
  0x47, 0x41, 0x9b, 0xbe, 0x11, 0xdb, 0x64, 0xbd, 0x35, 0x1f, 0x9c, 0x3e, 0x49, 0xdf, 0x36, 0x3e,
  0xb9, 0xfd, 0x30, 0xbe, 0xe4, 0xc0, 0x42, 0x3d, 0x01, 0x6f, 0x22, 0xbe, 0xef, 0x10, 0xc8, 0xbd,
  0x2d, 0x8a, 0xab, 0x3e, 0x78, 0xfc, 0x89, 0x3e, 0xae, 0x2d, 0x85, 0xbd, 0x6f, 0xce, 0x1b, 0x3d,
  0x9c, 0x5d, 0x2c, 0x3d, 0x2f, 0x41, 0xf8, 0x3c, 0xc0, 0x95, 0x56, 0xbe, 0xfd, 0xf0, 0xf3, 0xbd,
  0xc1, 0x02, 0x1c, 0xbe, 0x62, 0x64, 0xca, 0x3d, 0x96, 0x7e, 0x06, 0xbc, 0x1a, 0xad, 0x9c, 0x3e,
  0x93, 0xd4, 0x1c, 0x3d, 0x5c, 0x0c, 0x23, 0x3e, 0xa9, 0xb0, 0xed, 0xbc, 0x50, 0x1c, 0xf0, 0xbd,
  0xba, 0x1a, 0x94, 0xbe, 0xa3, 0xa1, 0xe0, 0x3d, 0xaa, 0x7a, 0x8c, 0xbe, 0x60, 0x15, 0x9d, 0xbd,
  0xc3, 0x6b, 0x70, 0x3e, 0x92, 0x21, 0xe8, 0x3d, 0x6d, 0x93, 0x8b, 0xbe, 0xe6, 0x16, 0x8e, 0x3e,
  0x38, 0xc2, 0x1e, 0xbe, 0xdf, 0x6e, 0xb2, 0x3e, 0x10, 0x58, 0x34, 0x3e, 0xcb, 0x11, 0x30, 0xbe,
  0xd6, 0x60, 0x9d, 0x3e, 0xb9, 0x0c, 0x7e, 0x3e, 0xe9, 0x56, 0x27, 0x3e, 0x65, 0xbc, 0x17, 0xbe,
  0xd7, 0x96, 0x8b, 0x3e, 0x3a, 0x2a, 0x51, 0xbe, 0x55, 0xa8, 0x03, 0x3d, 0x3b, 0xaa, 0x46, 0x3e,
  0xb4, 0x4a, 0x45, 0x3e, 0x87, 0xc7, 0x8b, 0xbe, 0xcd, 0x72, 0x9b, 0x3c, 0x17, 0x45, 0x9a, 0x3e,
  0xf0, 0xe1, 0x8c, 0xbe, 0xe6, 0x3e, 0xdc, 0x3d, 0x5f, 0xf6, 0x5f, 0x3e, 0x84, 0x63, 0x61, 0x3e,
  0xbb, 0xc1, 0x45, 0x3e, 0x91, 0x5f, 0xb8, 0xbe, 0x8a, 0xf0, 0x86, 0x3d, 0x58, 0xd3, 0x6a, 0x3d,
  0xca, 0x40, 0x1d, 0x3e, 0x79, 0xd9, 0x90, 0x3e, 0x49, 0x45, 0x1a, 0xbe, 0x78, 0xa3, 0x1f, 0xbe,
  0xbf, 0x03, 0xc3, 0xbd, 0xb0, 0xf8, 0x70, 0xbe, 0xa5, 0x2e, 0x4f, 0xbe, 0x36, 0x1e, 0xce, 0x3d,
  0x40, 0x04, 0x1c, 0xbe, 0x8d, 0xa8, 0xb6, 0x3b, 0x20, 0x69, 0xb0, 0xbe, 0xea, 0x6e, 0x5e, 0xbd,
  0x8c, 0x4d, 0xe7, 0x3d, 0xf5, 0xfd, 0xa3, 0xbe, 0x27, 0xa9, 0x68, 0xbe, 0x1f, 0x0c, 0x7c, 0xbe,
  0xb3, 0x81, 0xa3, 0xbe, 0xba, 0x79, 0xf1, 0xbd, 0x54, 0xeb, 0x5e, 0xbe, 0x0a, 0x7b, 0x02, 0x3e,
  0xa4, 0x84, 0xe9, 0x3d, 0x56, 0xf8, 0x46, 0xbe, 0x7a, 0x94, 0x75, 0xbe, 0x09, 0xd4, 0x11, 0x3e,
  0xec, 0xc6, 0x1f, 0xbe, 0xc1, 0xdf, 0xdd, 0x3e, 0x24, 0xc0, 0xd8, 0x3d, 0x98, 0x74, 0xeb, 0x3d,
  0x8c, 0xde, 0xe7, 0x3d, 0x43, 0xad, 0xb7, 0xbd, 0xe4, 0xbe, 0x0a, 0x3e, 0x17, 0x53, 0xd5, 0x3d,
  0xcc, 0xbf, 0x6d, 0xbc, 0xb0, 0xf8, 0x9b, 0x3e, 0x4b, 0x47, 0xd0, 0xbd, 0x47, 0xa4, 0xa4, 0x3e,
  0xb8, 0x56, 0x73, 0x3e, 0x62, 0x09, 0x85, 0x3e, 0x33, 0xc5, 0x70, 0xbe, 0xcc, 0x06, 0x86, 0x3d,
  0x8d, 0xe7, 0xd8, 0xbd, 0xe6, 0xf8, 0x8a, 0x3d, 0x14, 0xce, 0x6c, 0x3e, 0xca, 0x2b, 0xfc, 0x3d,
  0x4a, 0x5f, 0xca, 0xbb, 0x4b, 0xe5, 0x51, 0x3c, 0xee, 0xe9, 0x3e, 0x3c, 0xe6, 0x4f, 0xff, 0xbd,
  0x52, 0xdf, 0xd8, 0x3b, 0x36, 0xc9, 0xb8, 0x3e, 0xf8, 0x3f, 0x4a, 0xbe, 0x81, 0x65, 0x8f, 0x3e,
  0xb7, 0xd6, 0x20, 0xbe, 0x9c, 0xb5, 0x69, 0xbe, 0x26, 0x4d, 0x96, 0xbb, 0x0d, 0x92, 0x9e, 0x3d,
  0x10, 0x6b, 0xcc, 0xbe, 0xc1, 0x0d, 0x35, 0xbe, 0xc5, 0xdc, 0x9c, 0x3d, 0xab, 0x6e, 0x50, 0x3e,
  0xd5, 0xc3, 0x93, 0x3a, 0x9f, 0x50, 0xcd, 0x3c, 0x07, 0xba, 0xf8, 0xba, 0xbd, 0xf7, 0x65, 0x3d,
  0x58, 0x35, 0x19, 0xbe, 0x2e, 0xab, 0x2d, 0xbe, 0xbd, 0x27, 0xa1, 0xbe, 0x5d, 0x6d, 0x47, 0xbe,
  0x4c, 0x70, 0xde, 0x3d, 0x50, 0x50, 0x2d, 0x3e, 0x30, 0xfb, 0xdd, 0x3d, 0xb1, 0x40, 0x77, 0xbe,
  0x05, 0x33, 0x70, 0xbc, 0x33, 0xec, 0x63, 0xbe, 0x6c, 0xb3, 0x62, 0x3c, 0xb5, 0x89, 0x49, 0x3e,
  0xba, 0x4b, 0xdb, 0x3c, 0xf6, 0x9c, 0xcd, 0x3d, 0x08, 0x9b, 0x85, 0xbe, 0x5e, 0x2a, 0x6f, 0xbe,
  0x3e, 0x08, 0x67, 0xbc, 0x68, 0xd4, 0xc7, 0x3d, 0x58, 0x22, 0x79, 0x3a, 0xf3, 0x74, 0x12, 0xbe,
  0x7e, 0x49, 0xfc, 0x3d, 0xc0, 0xd5, 0xa2, 0x3d, 0x2a, 0x5b, 0x8d, 0x3e, 0x2a, 0x0e, 0x6c, 0xbe,
  0xe6, 0x1d, 0x1b, 0x3e, 0xe3, 0x41, 0xb3, 0xbb, 0x4d, 0xe3, 0x91, 0x3e, 0xe4, 0x57, 0x25, 0xbe,
  0x12, 0x7a, 0xa6, 0xbe, 0xaf, 0x05, 0x92, 0xbe, 0xac, 0x25, 0x37, 0x3e, 0xa9, 0x55, 0x78, 0xbd,
  0x41, 0x4b, 0x5f, 0x3e, 0x5d, 0x8d, 0xaf, 0xbe, 0x1d, 0x0c, 0x6f, 0x3e, 0x0c, 0xf4, 0x14, 0xbe,
  0x5c, 0xf5, 0xc9, 0x3c, 0x37, 0x1b, 0xe1, 0x3d, 0x11, 0xe1, 0x4c, 0x3e, 0x5c, 0x4f, 0x33, 0xbe,
  0xcc, 0xec, 0x16, 0xbe, 0xd4, 0xb2, 0x7d, 0x3e, 0x45, 0x32, 0x23, 0xbc, 0x50, 0x63, 0x68, 0x3e,
  0xf0, 0xb8, 0x8c, 0xbe, 0x90, 0x74, 0x84, 0x3d, 0x1d, 0x66, 0x89, 0x3e, 0x07, 0xf5, 0x3f, 0xbe,
  0xda, 0xbf, 0x6f, 0xbe, 0x62, 0x1c, 0x5e, 0x3e, 0xc0, 0xa1, 0x1f, 0xbd, 0xaf, 0x5d, 0x75, 0x3d,
  0x0d, 0xeb, 0xa5, 0xbd, 0x9e, 0x98, 0x3b, 0xbe, 0x67, 0x48, 0x7d, 0x3d, 0x0d, 0xbf, 0x24, 0x3d,
  0xcb, 0xc7, 0x77, 0xbe, 0x21, 0x00, 0x24, 0xbe, 0xe3, 0xca, 0x3c, 0xbe, 0x34, 0xc2, 0x3a, 0x3d,
  0xd6, 0xb3, 0x23, 0xbe, 0x9c, 0x92, 0x3d, 0xbe, 0x5a, 0x37, 0x74, 0x3e, 0xe3, 0xb0, 0x53, 0xbd,
  0x9f, 0x5f, 0xba, 0xbe, 0x88, 0xd5, 0xac, 0x3d, 0xb8, 0x2d, 0x54, 0xbe, 0x2a, 0x99, 0x0f, 0x3e,
  0xda, 0x09, 0x15, 0xbe, 0x20, 0xca, 0xb3, 0x3d, 0x26, 0x0f, 0x37, 0x3e, 0x30, 0xa2, 0x40, 0x3d,
  0xc9, 0x00, 0x19, 0xbe, 0xfc, 0x5e, 0x7c, 0x3e, 0x7c, 0x73, 0xa6, 0xbd, 0x62, 0xc6, 0x5a, 0xbd,
  0x92, 0x6e, 0x88, 0x3d, 0xf2, 0x44, 0xe7, 0xbd, 0x6a, 0xd6, 0x07, 0xbe, 0x8d, 0x37, 0x3f, 0x3e,
  0x98, 0x95, 0x0c, 0xbe, 0x7d, 0xf4, 0x3d, 0xbe, 0x5e, 0x16, 0x63, 0x3e, 0x16, 0xb2, 0x97, 0x3e,
  0x64, 0xef, 0x3c, 0xbe, 0x08, 0xf9, 0xc0, 0x3c, 0x3d, 0x0e, 0xab, 0xbe, 0x96, 0x54, 0xa2, 0xbe,
  0xe3, 0x10, 0x0c, 0x3e, 0xf7, 0x55, 0xdc, 0x3b, 0x45, 0xe3, 0x51, 0xbd, 0x9d, 0x5a, 0x60, 0x3e,
  0x98, 0xd9, 0x18, 0xbe, 0x7f, 0x7a, 0x08, 0x3e, 0x1e, 0x0b, 0x28, 0x3e, 0x5d, 0x67, 0x60, 0x3e,
  0x43, 0x89, 0x59, 0xbe, 0xa7, 0xe8, 0x78, 0xbe, 0xe0, 0xb4, 0x89, 0x3e, 0x54, 0xde, 0x37, 0x3e,
  0xd5, 0x34, 0x6c, 0xbe, 0x17, 0x59, 0xaf, 0xbd, 0x46, 0x25, 0x33, 0x3e, 0xbc, 0xad, 0x65, 0xbe,
  0xbf, 0x3c, 0x5d, 0x3d, 0xe0, 0xee, 0x37, 0x3e, 0xc4, 0xa7, 0x80, 0xbe, 0x33, 0xb0, 0x65, 0x3e,
  0x5c, 0x26, 0x13, 0x3e, 0xe6, 0x1b, 0x75, 0xbe, 0xa0, 0x85, 0xe4, 0xbd, 0x00, 0x13, 0xdf, 0x3d,
  0x18, 0x59, 0x1b, 0xbe, 0x6e, 0xd5, 0x8c, 0xbe, 0xe4, 0xe7, 0xf2, 0xbc, 0x41, 0x87, 0xbf, 0xbd,
  0xf6, 0x81, 0x0a, 0xbe, 0x8f, 0x3d, 0x64, 0xbd, 0xad, 0x0e, 0x4d, 0x3c, 0x5b, 0xc4, 0x6e, 0xbd,
  0xea, 0xe8, 0xd4, 0x3d, 0x06, 0xf6, 0xe5, 0x3d, 0x12, 0xdd, 0x2a, 0xbe, 0x89, 0x09, 0x16, 0x3e,
  0xde, 0x83, 0x06, 0xbe, 0x1e, 0x5d, 0xb7, 0xbd, 0x84, 0xe9, 0x02, 0xbe, 0xdf, 0xd9, 0xbf, 0xbd,
  0x17, 0x49, 0x04, 0x3e, 0x10, 0x66, 0x61, 0x3e, 0x2e, 0x4b, 0x4c, 0x3e, 0x7d, 0xfd, 0x8e, 0xbe,
  0x1e, 0xfc, 0xed, 0xbd, 0x0b, 0x06, 0xd9, 0xbd, 0x5c, 0x28, 0x8f, 0xbd, 0xcf, 0x7c, 0x1b, 0xbb,
  0x1b, 0x0d, 0x09, 0xbe, 0x80, 0x13, 0x81, 0x3e, 0x0a, 0x99, 0x86, 0x3d, 0xbb, 0xf4, 0xa9, 0xbd,
  0x3d, 0x9a, 0x05, 0x3e, 0x5b, 0x8d, 0x64, 0x3e, 0x10, 0x7d, 0xcf, 0x3d, 0xfb, 0x76, 0xda, 0x3d,
  0xda, 0x62, 0xaa, 0x3e, 0x28, 0x89, 0x33, 0x3e, 0xb7, 0x06, 0x15, 0xbe, 0xbd, 0x6a, 0x45, 0xbe,
  0x32, 0xd1, 0xf6, 0x3d, 0x86, 0x03, 0x0c, 0xbe, 0x03, 0x4d, 0x9a, 0xbd, 0x2a, 0x57, 0xe7, 0x3d,
  0x0b, 0x3d, 0xa4, 0xbe, 0x2f, 0xf0, 0xa8, 0x3e, 0x5e, 0x52, 0x38, 0x3e, 0x68, 0x04, 0x5b, 0xbe,
  0xa4, 0x52, 0x97, 0x3e, 0x26, 0x34, 0x6b, 0x3d, 0xca, 0x8f, 0x6f, 0xbd, 0xa0, 0x31, 0x9f, 0xbe,
  0x5a, 0xc9, 0x32, 0xbe, 0x92, 0x8d, 0x5e, 0x3e, 0x1e, 0xc6, 0x84, 0xbe, 0xb8, 0xa3, 0x52, 0x3e,
  0x47, 0x7d, 0x86, 0xbe, 0x94, 0x8e, 0x33, 0x3d, 0xd9, 0xf2, 0xe8, 0x3d, 0x09, 0x0e, 0x58, 0x3e,
  0x1e, 0xa4, 0xc8, 0xbc, 0x13, 0x72, 0x34, 0xbe, 0xf6, 0x6b, 0x66, 0xbe, 0xaf, 0xc9, 0x27, 0xbe,
  0xc8, 0x4f, 0x28, 0xbe, 0x95, 0xa9, 0x34, 0x3e, 0x2a, 0xcb, 0x96, 0x3e, 0x34, 0x70, 0x0d, 0x3e,
  0x6b, 0xc8, 0xa2, 0xbe, 0x35, 0x57, 0x95, 0x3e, 0xcf, 0x92, 0x13, 0x3e, 0x0d, 0x64, 0x87, 0x3d,
  0x0a, 0xc5, 0x89, 0xbe, 0xa4, 0xb7, 0xc4, 0x3c, 0xb5, 0x39, 0x07, 0xbe, 0x05, 0xc0, 0xcf, 0x3c,
  0xc0, 0xe9, 0x56, 0x3e, 0x52, 0x17, 0x52, 0x3e, 0x77, 0x00, 0x8e, 0x3d, 0xa7, 0x4d, 0xdb, 0x3d,
  0x0a, 0x0e, 0x57, 0x3e, 0xcd, 0x26, 0x32, 0x3e, 0xc2, 0xb0, 0xf6, 0x3c, 0xfb, 0x14, 0x9d, 0x3e,
  0x61, 0x6f, 0x9a, 0x3c, 0x95, 0x45, 0xc3, 0xbd, 0x10, 0x29, 0x2e, 0xbc, 0xce, 0x05, 0x33, 0x3e,
  0x3b, 0xa2, 0x03, 0xbe, 0x86, 0x2c, 0xd8, 0xbd, 0x5d, 0xf9, 0x2b, 0xbe, 0xb7, 0x79, 0x77, 0x3e,
  0xb0, 0x97, 0xba, 0xbd, 0x9f, 0xc1, 0x9f, 0x3c, 0x28, 0x17, 0x33, 0xbd, 0xca, 0x24, 0x45, 0xbe,
  0x52, 0x36, 0x5b, 0x3e, 0xb3, 0x3d, 0x9c, 0xbe, 0xf5, 0x9e, 0xe1, 0xbd, 0xfe, 0x82, 0x1d, 0xbc,
  0x4e, 0x20, 0xf6, 0xbd, 0x5f, 0x5e, 0x2a, 0x3e, 0x47, 0x12, 0x68, 0x3e, 0xa0, 0xa1, 0x4b, 0x3c,
  0xd5, 0x23, 0xca, 0xbe, 0x5a, 0xdb, 0x0c, 0xbd, 0xf9, 0x6e, 0x9d, 0xbc, 0x03, 0xd1, 0x22, 0xbe,
  0xd7, 0xff, 0x12, 0xbd, 0x60, 0xfd, 0x5e, 0x3d, 0xe1, 0x00, 0x09, 0xbe, 0x7d, 0xa4, 0x65, 0xbe,
  0x9e, 0x9e, 0x70, 0xbd, 0x53, 0xe4, 0xb9, 0xbe, 0x1d, 0x06, 0xb9, 0xbd, 0xf0, 0x53, 0x0c, 0x3d,
  0xc0, 0x4d, 0x38, 0xbd, 0x88, 0x5d, 0x47, 0x3e, 0xf0, 0x01, 0x12, 0xbe, 0x3b, 0x21, 0x33, 0x3d,
  0x5d, 0xcd, 0x66, 0xbe, 0xf7, 0x36, 0x5e, 0x3e, 0x03, 0x65, 0xce, 0xbd, 0x66, 0x7f, 0xfd, 0x3c,
  0x99, 0x2e, 0x45, 0xbe, 0x49, 0xe7, 0xa8, 0xbe, 0xab, 0x5b, 0x94, 0x3e, 0x87, 0x54, 0x4d, 0xbe,
  0xf3, 0xf6, 0xd3, 0x3d, 0x3d, 0x78, 0xf1, 0x3d, 0x93, 0xb4, 0x97, 0xbd, 0x9a, 0xc3, 0x1a, 0xbe,
  0x4e, 0xc6, 0x4d, 0xbe, 0x0c, 0x78, 0x62, 0x3e, 0xa0, 0xf3, 0x31, 0xbe, 0xe7, 0x8f, 0x0f, 0xbe,
  0xec, 0xe5, 0x27, 0xbe, 0x92, 0x11, 0x16, 0x3d, 0xa6, 0xa7, 0xd9, 0xbd, 0x5c, 0xb0, 0xea, 0x3d,
  0x8b, 0x5a, 0x3b, 0xbe, 0xf2, 0xbf, 0x8d, 0xbe, 0x6e, 0x40, 0x84, 0xbc, 0xb6, 0x3e, 0x6a, 0x3b,
  0x5d, 0x5c, 0x39, 0xbd, 0x47, 0xce, 0xb1, 0xbe, 0xb5, 0x6e, 0xa3, 0x3e, 0x1f, 0x55, 0x61, 0xbe,
  0xf9, 0x1b, 0x15, 0xbe, 0xbf, 0x67, 0xa7, 0x3d, 0x93, 0x6c, 0x01, 0xbe, 0xee, 0xa0, 0xe9, 0x3d,
  0xd9, 0xa9, 0x87, 0x3e, 0x1f, 0x4f, 0x6c, 0x3e, 0xab, 0xdb, 0x53, 0xbc, 0x1a, 0xc7, 0xa2, 0x3d,
  0x8f, 0x54, 0x96, 0x3c, 0xcd, 0xe0, 0xaf, 0xbe, 0x03, 0x53, 0x2c, 0xbe, 0x5d, 0x95, 0xf6, 0xbc,
  0xe1, 0xcf, 0xa3, 0x3e, 0xb1, 0x28, 0xaa, 0xbe, 0x00, 0x51, 0xf2, 0x3b, 0x41, 0x7e, 0x49, 0xbe,
  0x86, 0x0e, 0x6d, 0x3e, 0x0e, 0xaa, 0xac, 0xbd, 0xe6, 0x13, 0x6e, 0x3b, 0x74, 0x7c, 0x56, 0xbe,
  0x89, 0x32, 0x7d, 0x3d, 0x0e, 0x18, 0x30, 0x3e, 0x2b, 0xff, 0x9a, 0xbe, 0xfd, 0xf1, 0x61, 0x3e,
  0x9e, 0x49, 0x94, 0xbe, 0x69, 0x51, 0x2e, 0x3e, 0xb6, 0x5c, 0x35, 0xbd, 0x9a, 0x18, 0x4f, 0x3e,
  0x75, 0x63, 0x35, 0x3e, 0xef, 0x2c, 0x15, 0xbe, 0x47, 0xb3, 0xe0, 0xbd, 0xd2, 0xe9, 0x5f, 0x3e,
  0xae, 0x93, 0x6b, 0x3c, 0xf5, 0xeb, 0x98, 0xbe, 0x80, 0xf1, 0xcc, 0x3d, 0xe9, 0x9a, 0x59, 0x3e,
  0x49, 0xb1, 0xbe, 0x3d, 0xf7, 0xd9, 0xf4, 0xbd, 0x7e, 0x30, 0x6c, 0xbe, 0x06, 0xb2, 0x6c, 0x3e,
  0xd4, 0xf2, 0xb4, 0xbd, 0xaa, 0x0a, 0x86, 0xbe, 0x44, 0xdf, 0x72, 0x3e, 0x80, 0x46, 0xa0, 0x3d,
  0xb8, 0x6c, 0x19, 0xbe, 0xf6, 0xb6, 0xe7, 0xbd, 0xec, 0xed, 0xb3, 0x3c, 0x26, 0x47, 0xeb, 0x3c,
  0x6b, 0x32, 0x74, 0x3e, 0x58, 0xf8, 0x5e, 0x3e, 0x80, 0x8e, 0x0e, 0xbe, 0xc7, 0xbc, 0x81, 0xbe,
  0xf1, 0x49, 0x1a, 0xbe, 0x76, 0x75, 0x01, 0xbe, 0xb8, 0xe3, 0x7f, 0xbd, 0xfa, 0xf0, 0x94, 0xbe,
  0x92, 0x60, 0xff, 0x3c, 0xce, 0x8d, 0x2c, 0x3e, 0x40, 0xf4, 0x0a, 0xbe, 0xb1, 0x48, 0x34, 0xbe,
  0xf2, 0x3c, 0x23, 0xbe, 0xe6, 0x01, 0x48, 0xbe, 0x7b, 0x67, 0x5c, 0xbe, 0xf8, 0x99, 0x40, 0x3e,
  0xbe, 0x4b, 0x31, 0xbe, 0xd8, 0x8e, 0x8c, 0xbd, 0xa4, 0x19, 0x18, 0x3e, 0xd2, 0x7a, 0xc4, 0x3d,
  0xcc, 0x58, 0x25, 0x3e, 0x5e, 0x6d, 0x95, 0x3e, 0x15, 0xc5, 0xbf, 0xbd, 0x23, 0xc3, 0xa8, 0xbe,
  0x8e, 0xd3, 0x63, 0x3e, 0x58, 0x79, 0xe1, 0xbc, 0x02, 0x0c, 0x63, 0x3c, 0x2a, 0x35, 0xa1, 0xbc,
  0x4d, 0xc9, 0x28, 0xbe, 0xb1, 0x42, 0x3b, 0xbe, 0xd1, 0x60, 0xcb, 0xbd, 0x3f, 0x78, 0x8a, 0x3e,
  0x45, 0x6d, 0x8e, 0x3e, 0x16, 0xc0, 0x61, 0x3e, 0xf8, 0xfd, 0x6e, 0x3d, 0x6e, 0xb4, 0x83, 0x3e,
  0xe6, 0xa3, 0x38, 0x3e, 0x2c, 0x58, 0x2e, 0xbd, 0x16, 0x2b, 0x84, 0xbe, 0xf0, 0x95, 0x9b, 0xbe,
  0x2f, 0xc4, 0x55, 0xbe, 0x89, 0xf3, 0x94, 0x3e, 0x50, 0xa4, 0x8e, 0x3e, 0xec, 0x50, 0x80, 0x3e,
  0xc7, 0xa9, 0xc6, 0xbd, 0x73, 0x6e, 0x9d, 0x3d, 0x57, 0x67, 0x13, 0xbe, 0x81, 0x46, 0x4e, 0x3e,
  0x83, 0x2e, 0xf3, 0xbc, 0xe2, 0x5f, 0xb6, 0x3e, 0x69, 0xc0, 0x8c, 0xbe, 0xe5, 0x50, 0x26, 0x3e,
  0x71, 0x41, 0xbb, 0x3c, 0x10, 0x30, 0x06, 0xbc, 0x7b, 0x61, 0x88, 0x3e, 0x62, 0x67, 0x9c, 0xbd,
  0x08, 0x1a, 0x9f, 0xbe, 0xee, 0xcd, 0xd6, 0x3d, 0xa0, 0x83, 0x84, 0x3e, 0xec, 0x11, 0x70, 0xbe,
  0xfa, 0xde, 0xa1, 0x3e, 0xf4, 0x34, 0x00, 0xbe, 0xae, 0x6e, 0x2c, 0x3e, 0x57, 0x76, 0x40, 0xbd,
  0xbc, 0x2c, 0x72, 0xbd, 0x30, 0x26, 0x03, 0xbc, 0xba, 0x91, 0xed, 0xbd, 0xb4, 0x44, 0x0d, 0xbe,
  0xea, 0x94, 0x0a, 0x3e, 0xc4, 0xed, 0x81, 0xbc, 0x9e, 0x68, 0xf5, 0x3d, 0xdb, 0xbd, 0x3d, 0x3e,
  0xd6, 0x2a, 0x56, 0xbe, 0x85, 0x3d, 0x88, 0xbe, 0xc8, 0x41, 0xce, 0x3c, 0xf9, 0xef, 0xc0, 0x3d,
  0xd2, 0xf5, 0x73, 0x3e, 0x1e, 0x23, 0x92, 0x3d, 0x23, 0xe1, 0x7f, 0x3e, 0x0e, 0x36, 0xf7, 0x3d,
  0xf8, 0x9f, 0x93, 0x3e, 0x53, 0xf0, 0x1e, 0x3e, 0xe6, 0x58, 0xaf, 0xbc, 0x9a, 0x04, 0x79, 0xbe,
  0xe2, 0x7e, 0xe0, 0x3d, 0x17, 0x81, 0x15, 0xbe, 0xb9, 0xa3, 0xb6, 0xbd, 0x1e, 0xe5, 0x75, 0x3d,
  0x13, 0x80, 0x1e, 0xbd, 0x1e, 0x0e, 0x6b, 0xbe, 0xa4, 0x39, 0x9b, 0xbe, 0x72, 0xfa, 0xc5, 0xbe,
  0xd7, 0xa9, 0xc2, 0xbd, 0xcf, 0xb6, 0x57, 0x3e, 0x86, 0x1b, 0xa3, 0xbe, 0xf9, 0x35, 0xbd, 0xbe,
  0xbc, 0x66, 0xd1, 0xb9, 0x60, 0x3a, 0xa6, 0x3e, 0x83, 0x3d, 0x94, 0x3d, 0x92, 0x14, 0xf8, 0xbd,
  0x6c, 0x82, 0x77, 0x3e, 0x9b, 0xb3, 0x28, 0x3d, 0xd5, 0xc5, 0x47, 0xbe, 0x75, 0xf6, 0xac, 0x3d,
  0x7a, 0xa1, 0xba, 0xbe, 0x89, 0x88, 0xd0, 0xbe, 0x0b, 0x76, 0xb8, 0xbd, 0x9d, 0x72, 0x1f, 0xbe,
  0x0f, 0x43, 0x4a, 0xbe, 0xdf, 0x4d, 0xc7, 0xbe, 0xfc, 0xe5, 0x7d, 0xbd, 0x23, 0xa1, 0x89, 0xbd,
  0x15, 0xdc, 0x38, 0xbe, 0xdf, 0x8d, 0xfc, 0xbc, 0x92, 0xc9, 0x97, 0xbe, 0xf6, 0x7e, 0x8b, 0x3e,
  0xa5, 0x21, 0x1f, 0x3e, 0x4d, 0xd0, 0x59, 0xbe, 0x32, 0xc0, 0x32, 0x3e, 0x08, 0xd2, 0xa9, 0xbe,
  0xeb, 0x4d, 0x3c, 0xbe, 0x4a, 0x56, 0xed, 0xbd, 0xc5, 0x34, 0x74, 0x3e, 0xe1, 0x10, 0x98, 0xbd,
  0x65, 0xf8, 0x75, 0x3d, 0x3c, 0x00, 0x84, 0x3e, 0x89, 0x52, 0xa2, 0xbe, 0x28, 0x73, 0x8d, 0xbe,
  0xfa, 0xb3, 0x67, 0xbe, 0xb9, 0xe6, 0xa3, 0x3d, 0x72, 0xef, 0x41, 0xbe, 0xa0, 0xf4, 0xe1, 0xbb,
  0xe1, 0xc5, 0x02, 0x3e, 0xcb, 0xa9, 0x34, 0xbe, 0xfc, 0x4e, 0x8b, 0x3e, 0xd8, 0xbe, 0x16, 0xbe,
  0x46, 0xde, 0xed, 0x3d, 0xd3, 0xd6, 0x6b, 0x3e, 0xf3, 0xcc, 0xa7, 0xbd, 0xd5, 0xc5, 0xb8, 0x3e,
  0xe3, 0xab, 0x01, 0xbe, 0xcf, 0x95, 0x6c, 0x3e, 0xd7, 0x4e, 0x32, 0x3d, 0x8c, 0xa0, 0x95, 0x3d,
  0x2c, 0x19, 0x1b, 0xbe, 0xf5, 0xac, 0x58, 0xbe, 0x5a, 0x6c, 0x65, 0x3c, 0xab, 0x73, 0xfe, 0xbd,
  0xa8, 0xfb, 0x06, 0xbd, 0x94, 0x87, 0xbc, 0x3d, 0x6f, 0xd7, 0x39, 0xbe, 0xf4, 0x40, 0x59, 0xbd,
  0x99, 0x63, 0x83, 0x3e, 0x87, 0x16, 0x82, 0xbe, 0xe4, 0x1b, 0x9c, 0xbe, 0xa3, 0xce, 0x24, 0xbe,
  0x5e, 0x4c, 0x8f, 0xbd, 0x89, 0x0c, 0x6b, 0xbe, 0x9d, 0xbb, 0xa8, 0xbe, 0x52, 0x7e, 0xb2, 0xbd,
  0x50, 0xee, 0x5e, 0xbd, 0x6f, 0x63, 0x8f, 0xbe, 0xb4, 0xa3, 0x0a, 0x3d, 0x55, 0xdd, 0x99, 0xbe,
  0xab, 0x62, 0x63, 0x3e, 0x6a, 0x59, 0x2c, 0x3e, 0x54, 0x35, 0x6c, 0xbe, 0x64, 0xa5, 0xb1, 0xbd,
  0xd8, 0xd2, 0x4c, 0x3c, 0x2c, 0x03, 0xb5, 0xbd, 0xbc, 0xbe, 0xaa, 0xbe, 0x74, 0x98, 0xe7, 0xbc,
  0x36, 0x31, 0x97, 0x3d, 0x92, 0xb8, 0x83, 0x3d, 0xc8, 0xfa, 0x20, 0x3d, 0x34, 0x64, 0x77, 0xbe,
  0x90, 0x2d, 0xa3, 0xbe, 0x2e, 0xb5, 0x3f, 0x3d, 0xc8, 0x90, 0x1b, 0xbe, 0x77, 0xa6, 0xda, 0x3c,
  0x06, 0x4f, 0xa4, 0x3e, 0x3b, 0x79, 0x9d, 0xbe, 0x42, 0x82, 0x5e, 0xbd, 0x5d, 0x91, 0x21, 0x3e,
  0xd0, 0x45, 0xb3, 0x3e, 0x0c, 0x71, 0xa9, 0x3c, 0x4e, 0xb3, 0xa8, 0x3c, 0x0c, 0x93, 0x91, 0xbd,
  0x9a, 0x42, 0x81, 0x3e, 0x9d, 0xe5, 0x83, 0x3d, 0x8f, 0x05, 0xff, 0x3d, 0x19, 0x84, 0x78, 0xbe,
  0x0c, 0x5c, 0xdb, 0xbd, 0xa8, 0x78, 0x19, 0x3e, 0x39, 0x28, 0x26, 0xbe, 0xbd, 0xfd, 0x97, 0xbd,
  0x33, 0x00, 0x4c, 0xbd, 0xe6, 0x05, 0x43, 0x3e, 0xf6, 0x7d, 0xd9, 0xbd, 0xab, 0x74, 0xb1, 0xbc,
  0xb6, 0xac, 0x1c, 0xbd, 0x0b, 0xc0, 0xa4, 0x3e, 0xfb, 0xe4, 0x52, 0x3e, 0xc0, 0xb6, 0xfd, 0xbd,
  0xd5, 0x43, 0x09, 0xbe, 0x88, 0xc5, 0xa9, 0xbe, 0xeb, 0x3f, 0xa7, 0x3e, 0xe4, 0x53, 0x26, 0x3e,
  0x7d, 0x10, 0x99, 0x3e, 0x72, 0x03, 0x0c, 0x3e, 0x09, 0x86, 0x46, 0x3e, 0x88, 0xc6, 0x91, 0x3e,
  0x55, 0x36, 0x7d, 0xbe, 0x4b, 0x08, 0x5d, 0x3e, 0xb7, 0x0b, 0x64, 0xbe, 0x05, 0x21, 0x06, 0xbe,
  0x43, 0xba, 0xcd, 0x3c, 0x3b, 0x42, 0xc8, 0xbe, 0x4a, 0xc2, 0x56, 0xbe, 0x04, 0x6d, 0x05, 0x3d,
  0xa2, 0x43, 0x94, 0x3e, 0x7a, 0x00, 0xb1, 0xbe, 0x41, 0xf2, 0xaf, 0x3e, 0x1d, 0x53, 0x06, 0xbe,
  0xc4, 0x08, 0x6b, 0xbd, 0x96, 0xe0, 0xf8, 0x3c, 0x5d, 0x37, 0x9f, 0x3c, 0x36, 0x2d, 0x58, 0xbd,
  0x93, 0x77, 0x7d, 0x3d, 0xc0, 0x4b, 0x50, 0x3e, 0x72, 0x66, 0xd0, 0xbb, 0x46, 0xa9, 0x47, 0xbe,
  0xd4, 0x48, 0x08, 0x3e, 0x7a, 0xd2, 0x3a, 0x3e, 0xe3, 0x00, 0x6e, 0xbe, 0x7b, 0x5c, 0x96, 0x3e,
  0xa5, 0x22, 0x97, 0x3d, 0xc2, 0xf6, 0x86, 0x3e, 0x72, 0xa4, 0x90, 0xbd, 0x30, 0x62, 0x76, 0xbe,
  0xe8, 0x94, 0xa2, 0xbd, 0x79, 0x09, 0xa8, 0x3d, 0x7c, 0x85, 0x55, 0xbe, 0x75, 0xc4, 0x0f, 0x3e,
  0xcf, 0x43, 0xa8, 0x3c, 0xda, 0x0a, 0xcc, 0x3d, 0x38, 0x1a, 0x3e, 0x3e, 0xf5, 0xb7, 0x5f, 0x3e,
  0x0c, 0xdc, 0x9f, 0xbe, 0xc9, 0x0a, 0xc2, 0x3d, 0x66, 0x55, 0xb3, 0xbd, 0x72, 0x21, 0x20, 0x3e,
  0x31, 0x7c, 0x91, 0xbe, 0xf0, 0x0e, 0x44, 0x3e, 0x20, 0x8b, 0x60, 0xbe, 0x10, 0x66, 0x9e, 0xbe,
  0x4e, 0x47, 0xd6, 0x3d, 0x3c, 0x1b, 0xf3, 0x3e, 0x26, 0xc1, 0x59, 0x3e, 0xbb, 0x26, 0xfa, 0xbc,
  0x57, 0x7c, 0x52, 0xbe, 0x9f, 0xd9, 0x88, 0x3e, 0x8f, 0xa6, 0x68, 0x3c, 0xbf, 0x03, 0xfb, 0x3d,
  0x3a, 0xf5, 0x4c, 0xbe, 0xfb, 0x66, 0x6d, 0xbe, 0xeb, 0x44, 0x41, 0xbe, 0xa5, 0x04, 0x8f, 0x3e,
  0x96, 0x85, 0xc1, 0x3c, 0x6a, 0x30, 0x67, 0xbe, 0x40, 0x84, 0x49, 0x3c, 0x0d, 0x2f, 0x86, 0xbd,
  0x71, 0xe4, 0x76, 0xbd, 0xd5, 0xce, 0x45, 0x3d, 0x51, 0xb3, 0xe4, 0x3e, 0xd6, 0x5f, 0xc7, 0xbe,
  0x6e, 0x04, 0x70, 0xbc, 0xbb, 0x72, 0x7a, 0x3e, 0xe5, 0x0c, 0x65, 0xbd, 0x29, 0xdf, 0xf7, 0x3d,
  0xea, 0xb1, 0xc7, 0x3e, 0x86, 0x20, 0x04, 0x3d, 0xdc, 0xd3, 0x2b, 0xbe, 0x6b, 0x86, 0xa2, 0xbd,
  0xd9, 0xe2, 0x29, 0x3e, 0xa5, 0xe2, 0xce, 0x3d, 0xa5, 0x6b, 0x7d, 0xbd, 0xda, 0xec, 0x98, 0x3e,
  0x50, 0xe5, 0x10, 0x3e, 0x89, 0x98, 0x52, 0xbe, 0x95, 0xae, 0x1c, 0xbe, 0xe6, 0xf1, 0xee, 0x3d,
  0x1f, 0xd3, 0x9f, 0xbd, 0x75, 0x25, 0x19, 0x3d, 0x56, 0x8a, 0xcf, 0x3e, 0x50, 0xfa, 0x03, 0x3e,
  0xdf, 0x42, 0xb7, 0xbe, 0x05, 0x41, 0x6a, 0x3e, 0xfe, 0xb3, 0xbe, 0xbe, 0x56, 0x08, 0x0e, 0x3e,
  0x0c, 0xbe, 0xb6, 0x3d, 0xb8, 0x2b, 0x23, 0x3e, 0xf8, 0xb6, 0x88, 0xbe, 0x3e, 0xd9, 0xea, 0x3b,
  0x7f, 0xa7, 0x96, 0x3c, 0x78, 0x05, 0x2d, 0x3e, 0x48, 0x8d, 0xb7, 0xbe, 0xd4, 0x62, 0x54, 0xbe,
  0x2e, 0xbb, 0x54, 0xbe, 0x26, 0x03, 0x3e, 0xbd, 0x5b, 0x39, 0xcb, 0xbc, 0xb8, 0x2f, 0x08, 0x3d,
  0xbc, 0xe4, 0x41, 0xbd, 0x85, 0xc4, 0x4e, 0x3e, 0x25, 0xf5, 0x08, 0x3e, 0x60, 0xe0, 0x4b, 0x3d,
  0xdb, 0xde, 0x8c, 0x3e, 0x35, 0xae, 0x6a, 0x3d, 0xdf, 0xe6, 0x45, 0xbe, 0x10, 0x30, 0x45, 0xbe,
  0xc4, 0xfe, 0x68, 0x3d, 0x5b, 0x24, 0x51, 0x3e, 0x16, 0x73, 0x9c, 0x3e, 0x2c, 0x6b, 0x33, 0x3e,
  0xe8, 0x51, 0x00, 0xbe, 0xc6, 0xdd, 0x6f, 0xbe, 0xae, 0xf9, 0x24, 0xbe, 0x32, 0x5a, 0x4a, 0x3e,
  0x8d, 0xfd, 0xb5, 0xbe, 0x1e, 0x08, 0x13, 0xbe, 0xb8, 0x34, 0x05, 0xbe, 0x96, 0xad, 0x43, 0x3e,
  0xde, 0x09, 0x16, 0xbe, 0x9c, 0x30, 0xe0, 0xbe, 0x6c, 0x06, 0x61, 0xbe, 0x52, 0x9c, 0x23, 0x3d,
  0xf2, 0xc1, 0xff, 0xff, 0x04, 0x00, 0x00, 0x00, 0x00, 0x04, 0x00, 0x00, 0x6d, 0x4c, 0x92, 0xbe,
  0x2c, 0x14, 0x65, 0x3d, 0x16, 0xa9, 0x8d, 0xbe, 0x00, 0x6c, 0xbf, 0xbd, 0x6a, 0xd0, 0x99, 0xbe,
  0x13, 0x48, 0x38, 0xbe, 0xf4, 0x00, 0xf6, 0x3d, 0x13, 0x02, 0x62, 0xbd, 0x4b, 0xe4, 0x0b, 0x3e,
  0xd3, 0xee, 0x3c, 0xbe, 0xd9, 0x07, 0x42, 0x3e, 0x78, 0xc5, 0xd4, 0x3d, 0x4a, 0xe7, 0xdb, 0x3d,
  0xaf, 0xfb, 0xe0, 0x3c, 0x71, 0x5d, 0x5f, 0x3d, 0x68, 0x93, 0xa3, 0x3e, 0xd9, 0x33, 0x31, 0x3e,
  0xdb, 0x76, 0x35, 0x3c, 0xb1, 0x3c, 0x35, 0x3d, 0x9f, 0x9e, 0x20, 0xbe, 0x9d, 0x39, 0x86, 0xbd,
  0x8b, 0x46, 0xbc, 0xbd, 0x73, 0x95, 0xfa, 0x3d, 0x37, 0x08, 0x38, 0x3e, 0x5e, 0x96, 0x98, 0x3d,
  0x9e, 0x8b, 0x13, 0x3e, 0xc0, 0xfe, 0x3e, 0x3c, 0xc3, 0x60, 0x24, 0xbd, 0xab, 0xc0, 0x96, 0xbe,
  0x24, 0xfc, 0x81, 0x3e, 0x86, 0x00, 0xd1, 0x3d, 0xa0, 0x9a, 0x0d, 0x3c, 0x2a, 0x50, 0xb5, 0xbd,
  0x32, 0xe2, 0xeb, 0xbd, 0x47, 0xec, 0xae, 0x3c, 0x1c, 0x86, 0x1d, 0xbe, 0x55, 0x33, 0x30, 0x3d,
  0xd4, 0x9a, 0xcc, 0xbb, 0x85, 0x01, 0x56, 0xbe, 0xb7, 0xd4, 0x28, 0xbd, 0xce, 0xd9, 0xf3, 0xbb,
  0xcd, 0xfd, 0x6a, 0xbd, 0x99, 0xa6, 0x27, 0x3e, 0x34, 0x1c, 0x96, 0x3c, 0x2c, 0x21, 0x29, 0xbe,
  0xf2, 0xdb, 0x29, 0xbe, 0xa5, 0xc5, 0x36, 0x3e, 0x2f, 0x87, 0x80, 0xbe, 0xad, 0x7a, 0x3b, 0xbe,
  0x17, 0xcc, 0x0a, 0x3e, 0x17, 0x75, 0x19, 0xbd, 0xcb, 0x22, 0xc2, 0xbd, 0xfe, 0x43, 0xde, 0x3d,
  0x09, 0xc7, 0xca, 0xbd, 0xd7, 0x22, 0x8b, 0xbe, 0xbd, 0x28, 0x72, 0xbe, 0x1f, 0x48, 0xc7, 0x3e,
  0x46, 0x80, 0xd2, 0xbd, 0x7d, 0xfb, 0x3b, 0xbe, 0x76, 0x6f, 0xcc, 0x3d, 0x9c, 0x31, 0x8e, 0xbb,
  0x06, 0x3f, 0x11, 0xbe, 0x7a, 0xe8, 0x50, 0x3e, 0x9e, 0x1c, 0x11, 0x3c, 0x45, 0x91, 0xf9, 0x3b,
  0xd3, 0x50, 0xe6, 0xbc, 0x59, 0x5c, 0x5f, 0x3d, 0xdb, 0x46, 0x77, 0xbe, 0xa7, 0xad, 0x74, 0xbe,
  0xfd, 0x32, 0x95, 0xbe, 0x80, 0xde, 0x4e, 0xbe, 0x09, 0x6b, 0xac, 0x3d, 0x80, 0xc9, 0xd7, 0x3d,
  0xb2, 0x53, 0x85, 0x3d, 0x26, 0xb8, 0x8e, 0x3d, 0xb3, 0xf9, 0xcf, 0xbe, 0x99, 0x1a, 0xa4, 0xbe,
  0x6a, 0xf1, 0x27, 0xbd, 0x25, 0x00, 0xc3, 0x3b, 0x6d, 0x60, 0xb1, 0xbe, 0x82, 0xcb, 0xf7, 0x3d,
  0x71, 0xdd, 0x8f, 0x3d, 0xf1, 0xf5, 0x47, 0x3e, 0xd4, 0x9b, 0x3a, 0xbe, 0x8d, 0xdb, 0xe8, 0x3d,
  0x00, 0x31, 0xa2, 0x3c, 0xc7, 0xce, 0xe1, 0x3d, 0x4c, 0xee, 0x6b, 0xbe, 0xf0, 0x96, 0xee, 0x3d,
  0x90, 0xfd, 0x5a, 0xbe, 0x38, 0xb9, 0x89, 0xbe, 0x89, 0xdf, 0x4b, 0xbe, 0xd6, 0xe2, 0x90, 0xbe,
  0x85, 0xc6, 0x7a, 0xbe, 0x49, 0x6d, 0x5c, 0x3e, 0x01, 0x18, 0x0b, 0xbb, 0x7d, 0x40, 0x1e, 0xbe,
  0x28, 0x3a, 0x20, 0xbe, 0x25, 0x17, 0x26, 0xbe, 0x41, 0xbe, 0x25, 0xbe, 0xaf, 0xb4, 0x2d, 0xbe,
  0x9c, 0x74, 0x47, 0xbe, 0xa8, 0x72, 0x6e, 0xbe, 0x4d, 0x49, 0x08, 0x3e, 0xee, 0xe6, 0x71, 0xbe,
  0x7e, 0x16, 0x56, 0xbd, 0x8a, 0xde, 0x4b, 0x3e, 0x76, 0x9d, 0x5a, 0x3b, 0xd1, 0x65, 0x9a, 0x3e,
  0x6c, 0xbb, 0xe2, 0x3d, 0x5b, 0x20, 0x3f, 0xbe, 0x44, 0x4e, 0x54, 0x3d, 0xc3, 0x6e, 0xf9, 0x3d,
  0xda, 0xfe, 0x91, 0xbe, 0x0b, 0xcc, 0x58, 0x3d, 0x06, 0xf8, 0xaa, 0xbd, 0xaf, 0x04, 0x16, 0xbe,
  0x7c, 0x7b, 0xc0, 0x3b, 0x01, 0xc8, 0x16, 0x3d, 0x03, 0x99, 0x0e, 0x3e, 0x9e, 0x1d, 0x82, 0xbd,
  0xd9, 0x64, 0x7d, 0x3d, 0x50, 0x16, 0x0d, 0xbd, 0x6c, 0xed, 0x5b, 0xbe, 0xa9, 0x7c, 0x80, 0xbb,
  0xf5, 0xfd, 0x47, 0xba, 0x2d, 0x10, 0x34, 0xbe, 0x82, 0xe5, 0xcb, 0xbd, 0xc4, 0x4e, 0x82, 0x3e,
  0x24, 0x71, 0x60, 0xbd, 0x27, 0xee, 0x9a, 0x3c, 0x44, 0x3f, 0x12, 0x3e, 0xc9, 0x7c, 0x6e, 0x3d,
  0xa0, 0xb6, 0x19, 0x3e, 0x20, 0x70, 0xc4, 0xbd, 0xaf, 0x0b, 0x18, 0xbd, 0xcc, 0x98, 0x5c, 0x3e,
  0x15, 0xff, 0x75, 0xbd, 0x71, 0x01, 0x2e, 0xbd, 0xd4, 0xf8, 0x8c, 0xbd, 0x4b, 0x39, 0xcb, 0x3c,
  0x0f, 0x84, 0xaa, 0xbc, 0x8e, 0x07, 0x7f, 0xbe, 0x8e, 0x63, 0x04, 0xbd, 0x68, 0x5a, 0xee, 0xbd,
  0xa8, 0xec, 0x45, 0x3e, 0x58, 0x33, 0x29, 0xbe, 0x65, 0x82, 0xd6, 0x3d, 0xcb, 0x1f, 0xaa, 0x3d,
  0x70, 0x3d, 0x3a, 0xbe, 0x77, 0x5d, 0x91, 0x3e, 0x57, 0xc9, 0xbe, 0xbd, 0xb4, 0xc0, 0xf8, 0xbd,
  0xed, 0xa3, 0xf2, 0xbc, 0xf3, 0x69, 0x8e, 0xbe, 0x08, 0xb4, 0xb4, 0xbe, 0x57, 0x0c, 0x06, 0x3e,
  0x65, 0xa5, 0x7e, 0xbe, 0x5e, 0x7c, 0xe2, 0xbc, 0xf3, 0xe4, 0x51, 0xbe, 0x48, 0x71, 0x8a, 0xbd,
  0x21, 0x85, 0xa6, 0xbe, 0xbf, 0x1b, 0x04, 0xbe, 0x50, 0x9c, 0xec, 0xbc, 0x71, 0xe8, 0x2d, 0x3e,
  0x1d, 0xac, 0x2a, 0x3c, 0x9b, 0xc9, 0x14, 0x3e, 0x8b, 0xa9, 0x2e, 0xbd, 0x63, 0x96, 0xbd, 0xbe,
  0xd1, 0x5b, 0xd2, 0xbd, 0x5a, 0x8b, 0x20, 0x3e, 0x2e, 0x9a, 0x14, 0xbe, 0x04, 0x3e, 0xe6, 0x3d,
  0x45, 0x9b, 0xa2, 0x3d, 0x86, 0xbe, 0x98, 0xbd, 0x07, 0x7b, 0xc6, 0x3d, 0x52, 0x92, 0xcd, 0xbd,
  0x14, 0xc4, 0x25, 0xbe, 0xa8, 0x3b, 0xb0, 0x3e, 0x85, 0xfb, 0xf2, 0xbd, 0xaa, 0xef, 0x5c, 0x3e,
  0x11, 0xc8, 0xac, 0xbc, 0x75, 0x00, 0xb7, 0xbd, 0xc3, 0x66, 0x7a, 0x3e, 0x90, 0xfb, 0x34, 0xbe,
  0xd5, 0x00, 0x32, 0x3d, 0xfd, 0x23, 0x36, 0xbc, 0x44, 0x6a, 0x2e, 0xbe, 0xff, 0x52, 0x58, 0x3e,
  0xde, 0xbd, 0xff, 0x3d, 0x4f, 0xb7, 0x2d, 0xbe, 0x58, 0xb5, 0xe4, 0xbd, 0x65, 0x88, 0x81, 0xbc,
  0x94, 0xc4, 0xa2, 0xbd, 0x46, 0x92, 0x09, 0x3e, 0x4d, 0xf7, 0xc6, 0xbd, 0x26, 0x4e, 0xca, 0x3d,
  0x0d, 0xdb, 0xe4, 0x3d, 0x32, 0x05, 0x37, 0xbe, 0xc0, 0x4a, 0x83, 0xbe, 0x5a, 0xbf, 0x6e, 0xbe,
  0x1e, 0x05, 0x3a, 0xbd, 0x67, 0xb1, 0xf4, 0xbd, 0x07, 0x69, 0x39, 0x3e, 0xc1, 0x36, 0xbc, 0xbc,
  0x16, 0xd0, 0xba, 0xbc, 0x7d, 0x30, 0x3c, 0x3e, 0x0e, 0x91, 0x19, 0x3e, 0x55, 0x5a, 0x6a, 0xbe,
  0xf2, 0x0a, 0xcb, 0xbd, 0xa6, 0x07, 0x16, 0xbe, 0x69, 0x91, 0x26, 0x3e, 0x0f, 0xb5, 0x28, 0x3e,
  0x75, 0x52, 0xe9, 0x3d, 0x9e, 0xbd, 0x9a, 0x3d, 0x18, 0x95, 0x95, 0x3d, 0x25, 0xf7, 0x4d, 0x3e,
  0x49, 0xc1, 0xae, 0x3e, 0xae, 0xf3, 0x7c, 0xbc, 0xf3, 0x8a, 0x86, 0xbc, 0x50, 0x71, 0xc7, 0xbc,
  0xb2, 0xb5, 0x85, 0x3e, 0x75, 0x26, 0x97, 0xbe, 0x83, 0xe8, 0x29, 0x3d, 0xe3, 0x6b, 0xd3, 0x3e,
  0xd8, 0x0f, 0x36, 0x3d, 0x0b, 0xfd, 0x93, 0x3a, 0x45, 0x3e, 0x30, 0x3e, 0xf4, 0xdd, 0x86, 0xbd,
  0x13, 0xa0, 0xc2, 0xbc, 0x51, 0x5c, 0xc7, 0x3d, 0xc3, 0x0e, 0x5e, 0xbd, 0x6e, 0x69, 0x0c, 0xbe,
  0xd6, 0xd9, 0x93, 0xbd, 0x9e, 0x08, 0x0c, 0x3e, 0x48, 0x89, 0xb6, 0xbd, 0x22, 0x6f, 0x62, 0xbe,
  0x98, 0xd9, 0xf6, 0x3c, 0x11, 0xf3, 0x15, 0x3e, 0xb2, 0x86, 0x1c, 0x3e, 0x0c, 0x66, 0x37, 0x3e,
  0xd7, 0x5d, 0x57, 0x3e, 0x87, 0x4b, 0x38, 0xbe, 0xab, 0xf0, 0x82, 0x3d, 0x79, 0x81, 0xc0, 0x3d,
  0x96, 0x1a, 0x8a, 0x3d, 0x66, 0xf4, 0x31, 0x3e, 0x59, 0x4e, 0x16, 0x3d, 0xf1, 0xdf, 0x03, 0xbe,
  0x8c, 0xdd, 0x44, 0xbe, 0xd2, 0x35, 0xa4, 0x3e, 0x22, 0xfd, 0x08, 0x3d, 0x9f, 0x86, 0xa6, 0xbe,
  0xc9, 0x68, 0xca, 0x3e, 0x02, 0x0e, 0x82, 0xbd, 0xb1, 0xab, 0x0f, 0x3d, 0xfe, 0xc5, 0xff, 0xff,
  0x04, 0x00, 0x00, 0x00, 0x00, 0x08, 0x00, 0x00, 0x21, 0xcb, 0xe0, 0xbd, 0xb9, 0x68, 0x1e, 0x3e,
  0x4a, 0x3e, 0xca, 0x3b, 0xe6, 0xa8, 0x70, 0xbe, 0x90, 0x79, 0x09, 0xbe, 0x57, 0xed, 0xf3, 0xbc,
  0x28, 0x6c, 0xb4, 0x3e, 0x7a, 0x7a, 0xc2, 0xbd, 0x90, 0x98, 0x75, 0xbe, 0xe6, 0xd0, 0x26, 0x3e,
  0x37, 0xae, 0x4c, 0x3e, 0x0e, 0x56, 0x95, 0xbd, 0x07, 0x1b, 0x72, 0xbe, 0x46, 0x29, 0x7a, 0x3e,
  0xb2, 0x75, 0x81, 0xbe, 0x77, 0x28, 0x92, 0xbe, 0xad, 0x27, 0xc6, 0xbe, 0x34, 0x96, 0x43, 0xbe,
  0x1c, 0xd3, 0x9b, 0xbd, 0x05, 0x25, 0xb6, 0x3d, 0xaa, 0x66, 0x92, 0xbe, 0x0a, 0x96, 0x74, 0xbd,
  0x38, 0x72, 0xb5, 0x3d, 0x3b, 0xc8, 0x03, 0xbd, 0xa8, 0x53, 0xe1, 0xbd, 0x2b, 0x0c, 0x8e, 0x3e,
  0x85, 0x4f, 0x22, 0x3e, 0xbb, 0x91, 0x8e, 0x3e, 0xeb, 0xb2, 0x5d, 0xbe, 0x29, 0xf2, 0xf9, 0xbe,
  0x32, 0xa8, 0xc1, 0x3d, 0x25, 0x71, 0x8f, 0xbe, 0xef, 0x60, 0x81, 0xbc, 0x13, 0x4c, 0x36, 0xbe,
  0xf9, 0xb1, 0x0d, 0x3e, 0x12, 0xbe, 0x0c, 0xbe, 0x77, 0x89, 0x0d, 0xbe, 0x34, 0xae, 0x88, 0x3e,
  0x0e, 0x1e, 0x16, 0x3e, 0x20, 0x4c, 0x0c, 0x3e, 0x25, 0xb1, 0xd5, 0xbe, 0xf7, 0xa6, 0xf9, 0x3d,
  0x49, 0x9b, 0x72, 0x3d, 0xe9, 0x17, 0x0d, 0x3e, 0xb4, 0x1a, 0x73, 0xbd, 0xb7, 0x7e, 0x0b, 0x3e,
  0x21, 0x88, 0x8d, 0xbe, 0xa9, 0xe3, 0x9f, 0xbe, 0x94, 0xb1, 0x54, 0xbe, 0x53, 0x2b, 0x88, 0xbe,
  0x0f, 0x27, 0xb6, 0x3d, 0xb3, 0xf0, 0x0d, 0xbe, 0xbd, 0x31, 0xdc, 0x3b, 0x6c, 0x4e, 0xf3, 0x3d,
  0x6d, 0x79, 0xa3, 0xbd, 0x78, 0x3b, 0x0f, 0xbe, 0x96, 0x14, 0xf4, 0xbe, 0x94, 0xf7, 0xd1, 0xbd,
  0xa2, 0xa2, 0x92, 0xbd, 0xb8, 0x0f, 0x36, 0xbe, 0xcc, 0xed, 0x87, 0x3e, 0xe0, 0x84, 0x90, 0xbe,
  0x29, 0x5b, 0xab, 0xbe, 0xb0, 0x0f, 0x6c, 0xbe, 0xbc, 0xb5, 0xa8, 0xbc, 0x6f, 0x56, 0x59, 0xbe,
  0xf2, 0x15, 0x56, 0xbe, 0xbb, 0x02, 0x7b, 0xbc, 0x45, 0xd7, 0xc6, 0x3e, 0x9d, 0xcd, 0x86, 0xbe,
  0x8d, 0x86, 0x0d, 0x3e, 0xc5, 0xdd, 0xba, 0xbc, 0x83, 0xb5, 0x56, 0x3e, 0xa8, 0x34, 0xb4, 0x3d,
  0xee, 0xa7, 0xaf, 0xbe, 0x42, 0x49, 0x0c, 0x3d, 0xd7, 0x88, 0x8a, 0x3e, 0xa7, 0x2e, 0xb6, 0x3c,
  0xdd, 0x1d, 0x85, 0x3e, 0x7c, 0x12, 0x0d, 0x3e, 0x8e, 0x74, 0x31, 0xbe, 0x17, 0xb2, 0xd1, 0x3d,
  0xa1, 0xaa, 0x32, 0x3e, 0x36, 0x82, 0x7c, 0xbd, 0xc8, 0xd8, 0x32, 0xbe, 0x8f, 0x6a, 0x15, 0x3e,
  0x37, 0x2c, 0x65, 0x3e, 0x01, 0x5a, 0x30, 0xbe, 0x67, 0x86, 0xea, 0x3e, 0x02, 0x0a, 0xe5, 0xbd,
  0xff, 0x95, 0x28, 0x3e, 0x6c, 0x2b, 0x50, 0x3e, 0x28, 0x51, 0xf9, 0xbb, 0x94, 0x7a, 0x11, 0x3e,
  0x7b, 0xaf, 0xb2, 0x3c, 0x7e, 0x09, 0x86, 0x3e, 0x2c, 0x48, 0xcd, 0xbd, 0x18, 0x2a, 0xab, 0x3e,
  0x64, 0xfc, 0xb3, 0xbd, 0x26, 0xf8, 0xd7, 0xbe, 0xd7, 0x0a, 0x88, 0x3e, 0x08, 0x91, 0x8d, 0xbd,
  0x20, 0x17, 0xd8, 0xbd, 0x62, 0xf1, 0xf5, 0xbd, 0x7e, 0x7d, 0x30, 0xbe, 0x87, 0x0c, 0x5d, 0xbe,
  0xa3, 0xd1, 0x79, 0xbd, 0xdf, 0xba, 0xf8, 0x3c, 0x1b, 0x85, 0x27, 0x3e, 0x3f, 0xc2, 0x8c, 0x3d,
  0xf5, 0x34, 0x13, 0xbe, 0xae, 0xf7, 0xf5, 0x3c, 0x8a, 0x94, 0x2b, 0xbf, 0xb6, 0x95, 0xb2, 0xbe,
  0x0c, 0xef, 0x62, 0x3d, 0xa0, 0x2c, 0x04, 0x3f, 0xfb, 0x1e, 0x98, 0xbb, 0x91, 0xcb, 0xab, 0xbd,
  0xda, 0x29, 0xe2, 0x3d, 0x8f, 0x2c, 0x16, 0xbe, 0x8a, 0x5d, 0x7e, 0x3e, 0xd9, 0x1d, 0xf3, 0x3d,
  0x1c, 0x22, 0x60, 0xbe, 0xc1, 0x34, 0x22, 0x3f, 0xa9, 0x6d, 0xe9, 0x3c, 0x61, 0xa7, 0xb7, 0xbe,
  0x10, 0x89, 0x8f, 0x3e, 0xee, 0xe5, 0x17, 0xbe, 0x57, 0xe4, 0x74, 0xbd, 0x8d, 0x4e, 0x2e, 0xbc,
  0xba, 0xf1, 0x0e, 0x3e, 0xf5, 0x64, 0xf7, 0xbd, 0x1a, 0x11, 0xec, 0x3d, 0x31, 0x42, 0xc0, 0x3d,
  0x2d, 0x88, 0xe4, 0xbe, 0xd0, 0x6b, 0x1d, 0xbe, 0xdd, 0x93, 0x7b, 0xbd, 0x52, 0xd0, 0xc1, 0x3d,
  0x82, 0x9a, 0xad, 0xbe, 0x7d, 0xef, 0x26, 0xbe, 0x35, 0x08, 0xb7, 0x3e, 0xda, 0x73, 0xf9, 0x3d,
  0x3b, 0xf5, 0x19, 0xbf, 0xd6, 0xd6, 0xc0, 0x3e, 0x60, 0x59, 0x4e, 0xbf, 0x51, 0xff, 0xc9, 0x3d,
  0xc7, 0xef, 0x06, 0xbe, 0xec, 0x01, 0x53, 0xbd, 0x9a, 0x10, 0x80, 0xbe, 0xb6, 0x10, 0x2f, 0x3d,
  0x55, 0x4d, 0x70, 0x3e, 0xda, 0xc0, 0x66, 0x3e, 0xd9, 0x60, 0xae, 0x3e, 0x8c, 0xcb, 0xde, 0xbc,
  0x7e, 0x87, 0xb4, 0xbd, 0xc6, 0x81, 0x9f, 0x3e, 0x17, 0x11, 0x1c, 0xbe, 0x0f, 0x39, 0x40, 0xbe,
  0xed, 0x62, 0x3a, 0xbe, 0x8d, 0x78, 0xbd, 0x3d, 0x4e, 0x3c, 0x50, 0x3d, 0x24, 0xc1, 0x47, 0x3e,
  0xf5, 0x04, 0xe2, 0x3d, 0x35, 0x80, 0x86, 0x3e, 0x5e, 0x1f, 0xfd, 0xbe, 0xa0, 0x1c, 0x1c, 0x3d,
  0x00, 0xe9, 0x19, 0xbf, 0x4b, 0x1d, 0x3e, 0xbe, 0x57, 0xbc, 0x41, 0x3d, 0x3d, 0x99, 0xc7, 0x3b,
  0x5b, 0xe5, 0x7a, 0x3e, 0x2c, 0x7e, 0x71, 0xbe, 0x83, 0xeb, 0xb0, 0xbe, 0x1e, 0x26, 0x03, 0xbe,
  0x51, 0x51, 0xae, 0xbd, 0x45, 0x2e, 0x30, 0xbe, 0x84, 0x2a, 0x97, 0xbc, 0x5c, 0x4a, 0x93, 0xbe,
  0x3e, 0x87, 0x8e, 0xbd, 0x0d, 0x6c, 0x36, 0x3e, 0xff, 0xad, 0x05, 0x3f, 0x88, 0xb4, 0x5e, 0xbe,
  0x66, 0x56, 0x8f, 0x3d, 0x46, 0xd5, 0xd0, 0x3e, 0x56, 0x8f, 0xb3, 0xbe, 0x17, 0x45, 0xbc, 0x3d,
  0x6b, 0x0b, 0x8e, 0x3e, 0x2f, 0xb2, 0x81, 0xbd, 0x35, 0x25, 0x1d, 0x3e, 0xbc, 0x86, 0xff, 0x3e,
  0x07, 0x11, 0x19, 0x3e, 0x44, 0xf6, 0x8a, 0xbe, 0x5c, 0x34, 0x5c, 0x3e, 0xcc, 0x60, 0x0f, 0xbe,
  0x5d, 0x6b, 0xab, 0x3c, 0x70, 0xe7, 0x95, 0xbe, 0x8b, 0x14, 0xdf, 0x3c, 0xb8, 0xea, 0x98, 0xbd,
  0xdf, 0xd3, 0x8e, 0x3e, 0x1e, 0x3a, 0x72, 0x3e, 0x26, 0x90, 0x69, 0x3d, 0x57, 0x60, 0xa1, 0xbd,
  0xcf, 0xd3, 0x51, 0x3d, 0x01, 0x8a, 0x28, 0x3e, 0x06, 0xc4, 0x12, 0xbe, 0x33, 0xd7, 0xf0, 0x3d,
  0x24, 0x5f, 0xf5, 0xbd, 0xd3, 0xaa, 0x96, 0x3e, 0x7c, 0x5f, 0x2f, 0x3f, 0x9c, 0x6b, 0x3c, 0xbe,
  0x0f, 0xdb, 0xa9, 0x3d, 0x02, 0x12, 0x64, 0x3e, 0x1e, 0x47, 0xb9, 0x3e, 0xea, 0x82, 0x93, 0x3e,
  0x76, 0x06, 0x03, 0x3e, 0xb7, 0xbe, 0x19, 0xbf, 0xbb, 0x36, 0x60, 0xbd, 0xf2, 0x36, 0x72, 0x3e,
  0x96, 0xda, 0x7d, 0xbe, 0xb6, 0x5d, 0x44, 0xbe, 0x2a, 0x54, 0x39, 0xbe, 0xa3, 0x90, 0x6b, 0xbd,
  0x41, 0xa5, 0x0f, 0x3e, 0x71, 0x7b, 0xda, 0x3d, 0x8e, 0x10, 0x35, 0x3e, 0x95, 0x94, 0xce, 0x3e,
  0x48, 0xa8, 0x9f, 0xbb, 0x0d, 0x32, 0xb2, 0x3e, 0x93, 0x1f, 0x3b, 0xbe, 0x8a, 0x69, 0x20, 0xbe,
  0x4a, 0x70, 0xab, 0xbe, 0xa2, 0x87, 0x1e, 0x3e, 0x9a, 0x5b, 0xb3, 0x3d, 0x56, 0xe9, 0x18, 0xbd,
  0xb2, 0x9c, 0x8c, 0x3d, 0x60, 0x62, 0x88, 0xbd, 0xd2, 0xea, 0x7b, 0xbe, 0x1a, 0x5d, 0xe0, 0x3c,
  0xc9, 0xb6, 0x0d, 0xbe, 0x36, 0xb3, 0xce, 0xbe, 0x8f, 0x00, 0xc3, 0x3e, 0x51, 0x98, 0xc9, 0x3d,
  0x8b, 0x44, 0x41, 0xbe, 0xf3, 0x87, 0x74, 0xbe, 0x72, 0xbe, 0xc4, 0x3e, 0xa3, 0x92, 0xd6, 0x3d,
  0x8a, 0xf9, 0x33, 0xbe, 0xf8, 0x54, 0x0a, 0x3e, 0x31, 0xe5, 0xe0, 0xbe, 0x20, 0x78, 0xcf, 0xbd,
  0xd9, 0xdd, 0x21, 0xbe, 0x2c, 0x85, 0x3c, 0xbd, 0xc1, 0x5a, 0x55, 0x3d, 0x3c, 0xe4, 0xf6, 0x3e,
  0xf5, 0xab, 0xd6, 0xbd, 0x37, 0xbf, 0x23, 0xbe, 0xf0, 0xe0, 0xb5, 0x3d, 0xee, 0x5b, 0x20, 0xbf,
  0x87, 0x89, 0x76, 0xbe, 0x9f, 0xc8, 0x16, 0xbe, 0x24, 0xa0, 0x91, 0x3e, 0x23, 0xe5, 0x91, 0x3d,
  0x5e, 0x28, 0x81, 0x3e, 0xc4, 0xc9, 0x03, 0x3d, 0x03, 0x92, 0x5c, 0x3e, 0xd9, 0x31, 0x40, 0xbe,
  0x6f, 0xb8, 0x09, 0xbf, 0xe6, 0xd2, 0x06, 0xbe, 0x33, 0x87, 0x4f, 0x3e, 0x21, 0xd0, 0x87, 0xbc,
  0x70, 0xe9, 0xc8, 0x3e, 0x7b, 0x8c, 0x5c, 0x3e, 0x18, 0xdf, 0x3f, 0x3e, 0x5d, 0xe9, 0x9e, 0x3e,
  0xae, 0xf3, 0x83, 0xbd, 0xb8, 0x68, 0x04, 0x3e, 0xa2, 0xbf, 0xa8, 0xbd, 0x2c, 0xf1, 0xa3, 0x3d,
  0x7f, 0x40, 0x3b, 0x3e, 0x0f, 0x10, 0x23, 0xbd, 0xf6, 0xc5, 0xc8, 0x3d, 0x02, 0xe4, 0xb0, 0x3d,
  0xf0, 0x64, 0x33, 0x3d, 0x8c, 0x27, 0xcb, 0xbe, 0x18, 0x5b, 0x95, 0x3b, 0x69, 0xd2, 0xc2, 0x3c,
  0x93, 0x24, 0x82, 0xbe, 0xdf, 0xc3, 0x89, 0x3e, 0xd8, 0x38, 0xfb, 0x3d, 0x11, 0xbd, 0xb1, 0xba,
  0xf6, 0x7f, 0x4a, 0xbd, 0x02, 0x01, 0xd1, 0x3e, 0x28, 0x7d, 0xb5, 0xbe, 0x40, 0x92, 0x22, 0x3e,
  0x33, 0xfb, 0x6b, 0xbe, 0x3a, 0x06, 0xd0, 0x3c, 0x3f, 0xcf, 0xea, 0x3e, 0x9d, 0x9c, 0x2d, 0x3e,
  0x9a, 0xc4, 0xcc, 0xbe, 0xca, 0x76, 0x89, 0xbe, 0xb7, 0xc3, 0xbb, 0xbd, 0x6e, 0x6b, 0xd6, 0xbd,
  0xc1, 0xae, 0x9a, 0x3e, 0x7a, 0x33, 0x8d, 0x3e, 0x59, 0x09, 0x9e, 0xbe, 0x2e, 0xc3, 0x1b, 0x3e,
  0xc9, 0xbf, 0x83, 0xbe, 0x26, 0xab, 0x8d, 0xbd, 0x2f, 0x97, 0xcc, 0xbd, 0xb7, 0xaf, 0x65, 0xbe,
  0x9a, 0x2d, 0xc5, 0xbd, 0xa8, 0x37, 0x91, 0x3e, 0x28, 0x30, 0x1e, 0xbd, 0x73, 0xf6, 0x3e, 0xbd,
  0x33, 0xa6, 0xaa, 0x3e, 0xb1, 0x52, 0x1a, 0xbd, 0x54, 0x47, 0x10, 0x3d, 0xf2, 0xbb, 0x90, 0x3e,
  0x02, 0xaf, 0x9f, 0xb9, 0x0e, 0xb0, 0xf1, 0xbd, 0xf6, 0x45, 0xa5, 0xbd, 0x1c, 0x76, 0x70, 0xbe,
  0xfc, 0x89, 0xda, 0xbd, 0x4a, 0x3d, 0xef, 0x3e, 0x24, 0x9f, 0x03, 0x3e, 0xcc, 0xcd, 0x88, 0x3e,
  0x30, 0x22, 0x18, 0x3e, 0x49, 0xb4, 0x50, 0xbe, 0x8e, 0x10, 0xb8, 0xbd, 0x64, 0x54, 0x1c, 0xbe,
  0x80, 0x85, 0x51, 0xbe, 0xed, 0xac, 0xc5, 0x3d, 0x57, 0x71, 0x43, 0x3e, 0x50, 0xfa, 0xcc, 0xbd,
  0xfb, 0x0f, 0xa2, 0x3e, 0xd0, 0x93, 0xdf, 0x3d, 0x2a, 0x64, 0x85, 0xbd, 0x3d, 0x6a, 0x9d, 0x3d,
  0x1f, 0xf9, 0x2c, 0xbe, 0xe3, 0x73, 0xf7, 0xbe, 0xb8, 0x24, 0xb7, 0xbe, 0x64, 0xb3, 0xf8, 0x3d,
  0xb0, 0x22, 0x57, 0xbe, 0x8c, 0xf0, 0x94, 0x3e, 0x6b, 0x59, 0x07, 0x3e, 0x41, 0x90, 0x04, 0xbe,
  0x3a, 0x1d, 0x8d, 0x3e, 0x82, 0x7a, 0xa4, 0xbe, 0x95, 0x81, 0x09, 0xbe, 0x83, 0xa3, 0x8b, 0xbe,
  0x52, 0xce, 0x0e, 0xbe, 0x41, 0x39, 0x87, 0xbe, 0xb3, 0x92, 0x4f, 0x3d, 0x07, 0x08, 0xaf, 0x3d,
  0x06, 0x67, 0x00, 0xbe, 0xd8, 0xba, 0xf4, 0x3e, 0x46, 0x47, 0x3b, 0xbe, 0x76, 0x40, 0x95, 0x3d,
  0x59, 0x46, 0x46, 0xbe, 0xc4, 0xb0, 0xec, 0xbd, 0xcc, 0x49, 0x22, 0x3e, 0xde, 0x75, 0x7e, 0x3d,
  0x8a, 0xf4, 0xab, 0x3e, 0x55, 0x2c, 0x3d, 0x3d, 0x0f, 0x6f, 0x45, 0xbe, 0xe4, 0xd7, 0x00, 0xbe,
  0xb2, 0xdf, 0x80, 0x3e, 0x01, 0x6e, 0x93, 0x3d, 0x16, 0x3d, 0xf3, 0x3e, 0x3c, 0x00, 0x59, 0x3e,
  0x51, 0x78, 0x5f, 0x3e, 0x52, 0x2e, 0x17, 0xbe, 0xcb, 0x2b, 0xbc, 0x3e, 0xb0, 0x94, 0x65, 0x3e,
  0xa4, 0x90, 0x44, 0xbe, 0xff, 0xb4, 0x0b, 0xbe, 0x47, 0x5e, 0xc1, 0xbd, 0x9f, 0x49, 0x0e, 0xbe,
  0xa8, 0x66, 0x1c, 0x3d, 0xfb, 0x1c, 0xe8, 0xbe, 0x5d, 0x07, 0xb2, 0xbd, 0x7d, 0x38, 0xe7, 0x3e,
  0x9a, 0x49, 0x1c, 0xbe, 0x6f, 0xe6, 0x88, 0x3c, 0x18, 0xf0, 0xa8, 0xb8, 0x0b, 0x86, 0x79, 0xbe,
  0xa8, 0x80, 0x39, 0xbd, 0x1a, 0x79, 0x27, 0xbf, 0x9b, 0x25, 0x27, 0x3f, 0xed, 0x08, 0x3a, 0x3e,
  0xf3, 0xe9, 0xbc, 0x3d, 0xa1, 0x6a, 0x74, 0xbe, 0x93, 0x89, 0x37, 0xbd, 0xf1, 0xa0, 0x62, 0xbe,
  0x01, 0x31, 0xb8, 0xbe, 0x4c, 0xfc, 0x15, 0x3e, 0xdb, 0x92, 0x0b, 0x3e, 0x3f, 0x97, 0x7f, 0xbd,
  0x19, 0xab, 0x0e, 0x3e, 0x4f, 0x17, 0xbc, 0x3e, 0x03, 0xdf, 0xdd, 0xbd, 0xa4, 0x4a, 0xc0, 0xbd,
  0x44, 0x49, 0x73, 0xbd, 0x89, 0x58, 0x0a, 0x3f, 0x2f, 0xc0, 0x80, 0xbe, 0x27, 0xfd, 0x22, 0xbe,
  0x96, 0xbd, 0x53, 0xbe, 0x5d, 0x02, 0xaf, 0xbe, 0x20, 0xb2, 0xf9, 0x3d, 0x4b, 0x18, 0x5d, 0xbe,
  0x50, 0x2b, 0xa8, 0xbe, 0xa1, 0x45, 0xf1, 0x3e, 0x32, 0xfb, 0x53, 0x3d, 0x91, 0xbe, 0xc3, 0xbe,
  0x35, 0xd7, 0x59, 0x3c, 0x42, 0x02, 0xc1, 0x3d, 0x34, 0x68, 0x45, 0xbe, 0x1e, 0x92, 0x44, 0xbe,
  0x50, 0x26, 0xbc, 0x3c, 0xa9, 0x6b, 0x97, 0x3e, 0xfe, 0x22, 0xda, 0xbc, 0x5c, 0xc0, 0xa9, 0x3c,
  0x49, 0x8f, 0x76, 0x3e, 0xf7, 0x6b, 0x83, 0xbd, 0x1f, 0xa6, 0x8a, 0x3d, 0x8a, 0xec, 0x99, 0x3c,
  0x19, 0x37, 0x4b, 0x3e, 0xc9, 0x7a, 0xb1, 0xbd, 0xc5, 0x63, 0x09, 0x3e, 0x58, 0xf3, 0x64, 0xbe,
  0x22, 0x23, 0x94, 0x3d, 0x22, 0xf0, 0x25, 0x3c, 0x33, 0x7c, 0x10, 0xbe, 0xb2, 0xc6, 0x56, 0x3e,
  0x8c, 0x99, 0xe0, 0x3d, 0x87, 0xed, 0x8d, 0xbe, 0xd6, 0x1f, 0xce, 0xbd, 0x99, 0xde, 0xa5, 0xbd,
  0x8c, 0xea, 0x77, 0x3d, 0xdc, 0x2e, 0x21, 0x3e, 0x34, 0xc2, 0x4e, 0x3e, 0x4d, 0xd8, 0x89, 0xbd,
  0xc1, 0x1e, 0x82, 0x3d, 0xb4, 0xad, 0x90, 0xbe, 0x59, 0x96, 0x98, 0xbe, 0x9a, 0xc7, 0x93, 0x3d,
  0x60, 0xb8, 0x6d, 0x3e, 0xc7, 0x91, 0xa0, 0x3d, 0x1b, 0x16, 0x45, 0xbe, 0xb8, 0xe6, 0xac, 0xbe,
  0xe2, 0xbc, 0x36, 0x3d, 0xa9, 0x86, 0x5c, 0x3e, 0x6b, 0x26, 0x31, 0xbe, 0xe6, 0xb9, 0xfc, 0x3d,
  0x51, 0xe0, 0x49, 0xbe, 0x03, 0x6e, 0x05, 0x3c, 0x8b, 0x30, 0x40, 0xbd, 0xa0, 0xf1, 0x61, 0xbe,
  0x5a, 0x27, 0x35, 0x3e, 0x74, 0x04, 0xc3, 0xbd, 0xbc, 0x31, 0x42, 0xbe, 0xaf, 0x1c, 0x61, 0x3d,
  0x42, 0xfe, 0x03, 0x3e, 0x83, 0x14, 0xff, 0x3c, 0x7a, 0xf0, 0x5d, 0x3f, 0xaa, 0x8c, 0xf7, 0xbd,
  0xb0, 0x75, 0x87, 0x3d, 0x31, 0x6e, 0xa0, 0x3d, 0xad, 0xde, 0xbf, 0x3e, 0x7b, 0x4a, 0xdf, 0xbd,
  0xa3, 0xe1, 0x7c, 0xbe, 0xf4, 0x4a, 0x8c, 0xbd, 0xb1, 0x81, 0xd1, 0xbe, 0xcf, 0xd0, 0x1c, 0xbe,
  0x29, 0x75, 0x0d, 0x3d, 0xb3, 0x3c, 0x68, 0xbf, 0x11, 0xa7, 0xb9, 0x3e, 0x13, 0x0b, 0x3c, 0x3e,
  0x6b, 0x1a, 0x42, 0xbe, 0x60, 0x19, 0x40, 0x3d, 0x36, 0x0c, 0x0a, 0x3e, 0x16, 0x37, 0x18, 0x3f,
  0xfa, 0xa2, 0x68, 0xbd, 0x9d, 0xc9, 0xe0, 0xbd, 0x9d, 0xcc, 0xf0, 0xbe, 0xcf, 0x0d, 0x11, 0x3e,
  0x1e, 0xfe, 0x84, 0xbe, 0x9b, 0xa2, 0x33, 0xbd, 0x99, 0xdb, 0x01, 0x3e, 0x64, 0xe1, 0xbb, 0x3d,
  0x06, 0x24, 0xf8, 0x3e, 0x1f, 0x93, 0xb9, 0x3d, 0xa6, 0xc7, 0x61, 0xbe, 0x02, 0xc9, 0xcc, 0x3d,
  0xd5, 0xc0, 0x79, 0xbe, 0x23, 0x44, 0xac, 0xbd, 0x29, 0x61, 0xb6, 0x3e, 0x34, 0x7b, 0x7a, 0x3e,
  0x4e, 0x1d, 0x85, 0x3d, 0x3a, 0x2c, 0xd9, 0x3d, 0x04, 0x33, 0xc1, 0x3e, 0x1e, 0x3a, 0x3a, 0x3d,
  0x6e, 0x04, 0x26, 0x3d, 0x52, 0x0b, 0xc1, 0x3e, 0x29, 0x6d, 0xe1, 0xbe, 0xbd, 0x8f, 0x07, 0x3e,
  0x59, 0x32, 0xac, 0xbe, 0xde, 0xab, 0xea, 0x3c, 0x99, 0x04, 0x24, 0x3e, 0x16, 0xe4, 0x8a, 0x3e,
  0x3b, 0x2b, 0xb1, 0xbe, 0x60, 0x1d, 0x61, 0xbe, 0x0a, 0xce, 0xff, 0xff, 0x04, 0x00, 0x00, 0x00,
  0x80, 0x01, 0x00, 0x00, 0x62, 0x86, 0x41, 0x3e, 0x1e, 0x49, 0xc3, 0x3d, 0x01, 0x78, 0xd8, 0x3e,
  0xd7, 0xf3, 0x0c, 0x3f, 0x19, 0xc8, 0x9d, 0x3e, 0x76, 0xff, 0x1f, 0xbf, 0x20, 0x44, 0xb0, 0x3e,
  0x79, 0xf8, 0x1e, 0xbf, 0xdd, 0x5e, 0x28, 0x3e, 0x6d, 0x61, 0xf4, 0xbe, 0x29, 0xad, 0x98, 0x3c,
  0x93, 0x21, 0x18, 0xbf, 0xbe, 0xca, 0x23, 0x3f, 0x5c, 0xd2, 0x22, 0x3c, 0x18, 0x0d, 0xa8, 0xbe,
  0xa3, 0xe1, 0x26, 0xbf, 0x16, 0x0a, 0x72, 0xbf, 0xd6, 0xb1, 0x89, 0xbf, 0x67, 0x64, 0x7d, 0x3f,
  0x84, 0xe6, 0x1a, 0xbf, 0xe1, 0x27, 0x0d, 0xbf, 0xd2, 0xf6, 0x04, 0xbf, 0x04, 0x54, 0xf6, 0x3e,
  0xdc, 0x55, 0xe3, 0xbd, 0x8e, 0x00, 0x3b, 0x3f, 0x31, 0x6a, 0x0e, 0x3f, 0x9e, 0x0f, 0x8c, 0x3e,
  0xe6, 0x5e, 0x3e, 0x3f, 0x5d, 0x8f, 0xd6, 0xbe, 0xea, 0xa5, 0xfb, 0x3e, 0x55, 0x0c, 0x6a, 0x3e,
  0x7a, 0x0b, 0xcf, 0xbe, 0x4e, 0x75, 0x9c, 0x3e, 0xfd, 0x01, 0xfe, 0x3e, 0xdf, 0xb9, 0x74, 0xbf,
  0x2c, 0x07, 0x91, 0xbe, 0x62, 0xf5, 0x6d, 0xbe, 0x45, 0xc5, 0xf6, 0x3d, 0xb2, 0xfc, 0xe2, 0x3e,
  0x05, 0xae, 0x0d, 0x3e, 0x25, 0x45, 0x0d, 0xbf, 0x74, 0x24, 0xdb, 0xbe, 0x9e, 0xea, 0x75, 0xbe,
  0x41, 0x6d, 0x9a, 0xbc, 0x26, 0x54, 0xbb, 0xbe, 0x7b, 0x85, 0x8d, 0xbe, 0x61, 0x88, 0xf8, 0x3e,
  0x8f, 0x6e, 0x20, 0x3f, 0x42, 0xd7, 0xdb, 0x3e, 0xf0, 0xb0, 0xac, 0x3e, 0x40, 0xaf, 0x8d, 0xbd,
  0x05, 0x47, 0x3a, 0xbe, 0x7a, 0x53, 0xde, 0x3e, 0xe8, 0x05, 0x25, 0x3d, 0xa7, 0xaf, 0xf2, 0xbe,
  0x6c, 0x9d, 0xab, 0x3c, 0x01, 0xa5, 0xc9, 0xbe, 0x40, 0xda, 0x64, 0x3d, 0x45, 0xb4, 0x0d, 0x3f,
  0x0d, 0xd0, 0x1c, 0xbe, 0xa7, 0x4e, 0x2f, 0xbf, 0x18, 0xd7, 0xb8, 0x3e, 0x82, 0x85, 0x82, 0xbe,
  0x9e, 0x23, 0xc8, 0xbd, 0x43, 0x82, 0xea, 0xbe, 0x00, 0x0b, 0x5e, 0xbf, 0x6b, 0xa3, 0x59, 0x3e,
  0xaa, 0x6a, 0x44, 0x3f, 0xd5, 0xd7, 0x47, 0x3d, 0x88, 0xf0, 0x20, 0x3f, 0x5d, 0x7b, 0x03, 0xbf,
  0x0e, 0x4f, 0x16, 0x3e, 0x96, 0xf5, 0x27, 0xbd, 0xe5, 0xf8, 0xae, 0x3e, 0xd2, 0x9a, 0x13, 0xbf,
  0x05, 0x77, 0xa6, 0xbe, 0xeb, 0x00, 0xa9, 0xbd, 0x0d, 0x14, 0x45, 0xbe, 0x1f, 0xfe, 0xb5, 0xbe,
  0x40, 0x39, 0x70, 0x3e, 0x0c, 0xa6, 0x4f, 0xbf, 0x84, 0x18, 0x18, 0x3d, 0x37, 0x76, 0xf1, 0x3d,
  0x89, 0x67, 0x89, 0x3b, 0x9b, 0x60, 0x45, 0xbe, 0xc9, 0x74, 0x2f, 0x3f, 0x9f, 0x2d, 0x23, 0xbf,
  0x5b, 0x8a, 0xe4, 0x3e, 0xd2, 0x27, 0x11, 0x3f, 0x9b, 0x3c, 0x2d, 0x3f, 0xb8, 0x54, 0xdd, 0xbe,
  0xf1, 0x43, 0x85, 0x3d, 0x23, 0xd9, 0xb5, 0xbd, 0xff, 0xa2, 0x36, 0xbf, 0xb8, 0x43, 0xe3, 0x3e,
  0xcf, 0x5b, 0x4b, 0x3e, 0x96, 0xcf, 0xff, 0xff, 0x04, 0x00, 0x00, 0x00, 0x00, 0x14, 0x00, 0x00,
  0x82, 0x09, 0xbf, 0x3e, 0xc2, 0x8e, 0xd7, 0x3e, 0xec, 0xc4, 0x3d, 0xbf, 0xda, 0x6b, 0xd5, 0x3e,
  0xc6, 0xa9, 0x85, 0x3e, 0x4a, 0x15, 0x9a, 0x3e, 0xd8, 0xb1, 0x03, 0xbd, 0x44, 0xb4, 0x57, 0x3f,
  0xf1, 0x4a, 0x36, 0xbf, 0xd4, 0x91, 0x19, 0xbf, 0x8e, 0xb3, 0x6b, 0x3e, 0x97, 0x6b, 0xdf, 0xbe,
  0xea, 0xc1, 0x38, 0x3e, 0xf5, 0x74, 0x1d, 0xbf, 0x83, 0x34, 0x03, 0x3f, 0x62, 0xd6, 0x4c, 0xbe,
  0x02, 0x03, 0xc2, 0x3e, 0xc2, 0x89, 0x92, 0x3e, 0x5c, 0x42, 0x35, 0xbf, 0xec, 0x33, 0x04, 0x3f,
  0x8f, 0x0b, 0xa2, 0x3e, 0x77, 0x0a, 0x01, 0x3d, 0x16, 0xc8, 0x84, 0xbe, 0xe1, 0x13, 0x4c, 0x3f,
  0x59, 0xfa, 0x46, 0xbf, 0xfe, 0x14, 0xc2, 0xbe, 0xcc, 0xee, 0xf3, 0x3e, 0x0c, 0x24, 0x95, 0xbe,
  0x9c, 0xb2, 0x48, 0x3e, 0x12, 0xf9, 0x36, 0xbf, 0xb2, 0x17, 0xcb, 0x3e, 0x12, 0x42, 0x84, 0xbe,
  0xe9, 0xa8, 0xa9, 0x3e, 0xa5, 0x60, 0x09, 0x3f, 0x34, 0x31, 0x49, 0xbf, 0x90, 0x21, 0xf7, 0x3e,
  0xdc, 0x9f, 0x70, 0x3e, 0xf4, 0x91, 0x83, 0xbd, 0x8a, 0xd2, 0x64, 0xbe, 0x8c, 0xd3, 0x44, 0x3f,
  0x67, 0xc9, 0x36, 0xbf, 0x8e, 0x2e, 0x16, 0xbf, 0xdc, 0xbf, 0xe2, 0x3e, 0x6b, 0xa4, 0x8d, 0xbe,
  0xba, 0x72, 0x57, 0x3e, 0x4a, 0x94, 0x3d, 0xbf, 0x05, 0x0c, 0x02, 0x3f, 0x0b, 0x6e, 0xf3, 0xbd,
  0x5f, 0x25, 0x1e, 0x3f, 0xb0, 0xf4, 0x8d, 0x3e, 0xdb, 0x71, 0x23, 0xbf, 0xd0, 0xd1, 0xee, 0x3e,
  0xa0, 0x5d, 0xe3, 0x3e, 0x28, 0xca, 0xd6, 0xbd, 0xa0, 0x8a, 0xb0, 0x3b, 0xe9, 0xae, 0x41, 0x3f,
  0x6d, 0xb3, 0x55, 0xbf, 0x58, 0xdf, 0x02, 0xbf, 0x4c, 0x4b, 0xf4, 0x3e, 0x50, 0x9d, 0xc8, 0xbe,
  0x82, 0x24, 0xd7, 0x3e, 0x77, 0x50, 0x1b, 0xbf, 0xb2, 0xb5, 0xa3, 0x3e, 0xa3, 0xb2, 0xcd, 0xbe,
  0xdb, 0xde, 0x28, 0x3f, 0x9c, 0x19, 0x9d, 0x3e, 0x28, 0x98, 0x37, 0xbf, 0x4c, 0x3a, 0xf2, 0x3e,
  0x1e, 0xc6, 0xdf, 0x3e, 0xb6, 0x1d, 0xa9, 0xbd, 0x0c, 0x69, 0x56, 0xbd, 0x10, 0x8e, 0x35, 0x3f,
  0x26, 0xdd, 0x82, 0xbf, 0x37, 0x47, 0x13, 0xbf, 0x63, 0x87, 0xcc, 0x3e, 0x7d, 0x4a, 0xb0, 0xbe,
  0x66, 0x54, 0xa6, 0x3e, 0x7c, 0x1a, 0x19, 0xbf, 0x6c, 0xbf, 0x8b, 0x3e, 0x28, 0x03, 0xd0, 0xbe,
  0x5d, 0x9d, 0x40, 0x3f, 0x06, 0x5d, 0xa3, 0x3e, 0x86, 0xfc, 0x4d, 0xbf, 0xa2, 0x28, 0xd3, 0x3e,
  0x36, 0x9d, 0x05, 0x3f, 0xbe, 0x1d, 0x68, 0xbe, 0x23, 0x8b, 0x27, 0xbe, 0x79, 0x76, 0x30, 0x3f,
  0x30, 0x5f, 0x62, 0xbf, 0x1d, 0x46, 0xdf, 0xbe, 0x5e, 0x38, 0xf2, 0x3e, 0x98, 0xe5, 0xbf, 0xbe,
  0xcb, 0xf4, 0xa9, 0x3e, 0x83, 0x3c, 0x07, 0xbf, 0x1c, 0x85, 0x94, 0x3e, 0x26, 0x00, 0xf6, 0xbe,
  0xf9, 0x0c, 0x13, 0x3f, 0x89, 0x52, 0xcf, 0x3e, 0x67, 0x92, 0x29, 0xbf, 0xe6, 0xef, 0x02, 0x3f,
  0x24, 0xfe, 0x51, 0x3e, 0xea, 0x3a, 0xf2, 0x3d, 0x4c, 0xf2, 0xe5, 0xbd, 0x14, 0x00, 0x06, 0x3f,
  0x6d, 0x79, 0x2f, 0xbf, 0x22, 0x40, 0xe9, 0xbe, 0x56, 0x56, 0x97, 0x3e, 0x14, 0xe3, 0xb7, 0xbe,
  0x6f, 0x25, 0x67, 0x3e, 0xc9, 0x73, 0x1d, 0xbf, 0xbb, 0xb1, 0xc6, 0x3e, 0xec, 0x24, 0x02, 0xbe,
  0xff, 0x1f, 0x0e, 0x3f, 0xdf, 0x93, 0xb6, 0x3e, 0x3c, 0x2f, 0x2a, 0xbf, 0x61, 0x96, 0xff, 0x3e,
  0x09, 0x93, 0x9d, 0x3e, 0x68, 0xbf, 0x34, 0x3d, 0x70, 0x12, 0xe0, 0x3c, 0x94, 0xd9, 0x30, 0x3f,
  0x4a, 0x47, 0x4c, 0xbf, 0x8e, 0x55, 0x0e, 0xbf, 0xce, 0xcd, 0x7f, 0x3e, 0xf2, 0x0a, 0xd2, 0xbe,
  0x38, 0x2a, 0x39, 0x3e, 0xbc, 0xfc, 0x10, 0xbf, 0x4c, 0x9a, 0x61, 0x3e, 0x12, 0x59, 0x9f, 0xbe,
  0x40, 0xaf, 0x07, 0x3f, 0xfc, 0x4f, 0x11, 0x3f, 0xd0, 0x62, 0x64, 0xbf, 0x5e, 0x8a, 0xd7, 0x3e,
  0xbc, 0xc2, 0x80, 0x3e, 0x87, 0x36, 0x0c, 0xbe, 0xa0, 0x22, 0x62, 0x3d, 0xe2, 0x55, 0x44, 0x3f,
  0xa4, 0x00, 0x63, 0xbf, 0xb7, 0x4e, 0x06, 0xbf, 0x15, 0xf8, 0x8f, 0x3e, 0x4b, 0xf1, 0x14, 0xbf,
  0x46, 0x40, 0x6e, 0x3e, 0xb6, 0xb1, 0xfd, 0xbe, 0x30, 0xdf, 0xb1, 0x3e, 0x04, 0x0b, 0xab, 0xbe,
  0x92, 0x65, 0x10, 0x3f, 0xa1, 0x69, 0x8f, 0x3e, 0x21, 0x65, 0xfb, 0xbe, 0x16, 0x75, 0xa8, 0x3e,
  0x72, 0xe3, 0xde, 0x3e, 0xe0, 0xb1, 0x9f, 0x3b, 0x18, 0x01, 0xc0, 0xbe, 0x59, 0x56, 0xf9, 0x3e,
  0xf8, 0x23, 0x0c, 0xbf, 0x11, 0x9b, 0xdb, 0xbe, 0x54, 0xb5, 0xd3, 0x3e, 0x66, 0xac, 0x74, 0xbe,
  0x19, 0x9e, 0x82, 0x3e, 0xad, 0x99, 0xc8, 0xbe, 0x54, 0xb6, 0xbb, 0x3d, 0x40, 0x7e, 0x6e, 0x3b,
  0x87, 0xf6, 0xe3, 0x3e, 0xc2, 0xfd, 0xe3, 0x3e, 0x3f, 0x55, 0xef, 0xbe, 0x8c, 0xe5, 0x86, 0x3e,
  0x88, 0x3f, 0xd7, 0x3e, 0x19, 0xf3, 0x9c, 0xbd, 0xda, 0x15, 0x9b, 0xbe, 0xb0, 0x1b, 0x29, 0x3f,
  0x3c, 0x89, 0xd9, 0xbe, 0x77, 0xec, 0xf2, 0xbe, 0x38, 0xe6, 0x3f, 0x3e, 0x41, 0x33, 0xbf, 0xbe,
  0x04, 0x11, 0x29, 0x3d, 0xdb, 0x88, 0x04, 0xbf, 0xd5, 0x7b, 0x02, 0x3e, 0xc8, 0x77, 0x0d, 0xbe,
  0x51, 0xab, 0xf5, 0x3e, 0x9a, 0x2a, 0x2f, 0x3e, 0xb3, 0xd7, 0x10, 0xbf, 0x91, 0x52, 0xaf, 0x3e,
  0xf0, 0x7a, 0xb3, 0x3e, 0x4d, 0xc5, 0x0f, 0x3d, 0x5a, 0xb3, 0x8a, 0xbe, 0xfd, 0xed, 0x11, 0x3f,
  0x2a, 0x96, 0x17, 0xbf, 0xb5, 0xb0, 0xbe, 0xbe, 0xe3, 0xc9, 0xba, 0x3e, 0x36, 0x3f, 0xb4, 0xbe,
  0x00, 0x6d, 0xd9, 0x3d, 0x1b, 0x2f, 0x12, 0xbf, 0x6b, 0x47, 0x3b, 0x3e, 0x54, 0x57, 0x0a, 0xbd,
  0x20, 0x6c, 0xf1, 0x3e, 0xb2, 0xd9, 0x9b, 0x3e, 0xcc, 0x68, 0x0d, 0xbf, 0x93, 0x2a, 0x45, 0x3e,
  0x9a, 0x5d, 0xcd, 0x3e, 0x7e, 0xcb, 0x80, 0x3e, 0x52, 0x23, 0x4f, 0xbe, 0x0a, 0xfa, 0xda, 0x3e,
  0xb2, 0xba, 0xc0, 0xbe, 0x3a, 0x68, 0x6e, 0xbe, 0x73, 0x4d, 0x40, 0x3e, 0x02, 0x83, 0x9d, 0xbe,
  0x26, 0x2d, 0x23, 0x3e, 0x15, 0x04, 0x0b, 0xbf, 0x61, 0x37, 0x94, 0x3e, 0xb0, 0x52, 0x5b, 0xbd,
  0x2e, 0x8e, 0x0d, 0x3f, 0x64, 0x3c, 0xd0, 0x3e, 0x62, 0x67, 0x31, 0xbf, 0x5b, 0xe7, 0xd5, 0x3e,
  0xea, 0x73, 0x89, 0x3e, 0x66, 0x6e, 0x82, 0x3d, 0x3c, 0x87, 0x10, 0xbe, 0x7b, 0xf6, 0x21, 0x3f,
  0x80, 0x8a, 0x4a, 0xbf, 0x1e, 0xb3, 0x34, 0xbf, 0xa4, 0x8e, 0x85, 0x3e, 0x5d, 0x9b, 0xd0, 0xbe,
  0x26, 0x5e, 0x2c, 0x3e, 0xac, 0x5b, 0x09, 0xbf, 0xb7, 0x2d, 0x1c, 0x3e, 0x60, 0x78, 0xbe, 0xbe,
  0x22, 0xb9, 0x31, 0x3f, 0x10, 0xf4, 0xa8, 0x3e, 0xd7, 0x80, 0x2f, 0xbf, 0x5b, 0xd9, 0xd3, 0x3e,
  0xd4, 0x31, 0x00, 0x3f, 0x02, 0x38, 0x24, 0xbe, 0x7c, 0xab, 0xb1, 0xbe, 0x7a, 0x2e, 0x2d, 0x3f,
  0x3a, 0x08, 0x53, 0xbf, 0xf4, 0xbd, 0x38, 0xbf, 0x37, 0xe6, 0x03, 0x3f, 0xc2, 0x7c, 0xca, 0xbe,
  0x06, 0x4c, 0xba, 0x3e, 0x53, 0xb3, 0xde, 0xbe, 0xfa, 0x91, 0x51, 0x3e, 0x89, 0x88, 0xe7, 0xbe,
  0x29, 0xb7, 0xff, 0x3e, 0x53, 0xf2, 0x0d, 0x3f, 0x42, 0xda, 0x27, 0xbf, 0x2a, 0xb7, 0xf1, 0x3e,
  0x40, 0xc7, 0xb0, 0x3c, 0xbc, 0x03, 0xc3, 0x3d, 0xff, 0xff, 0x51, 0x3e, 0xeb, 0x1d, 0x33, 0x3f,
  0xe7, 0x0b, 0x4a, 0xbf, 0x41, 0xcb, 0x02, 0xbf, 0x80, 0xe5, 0xf0, 0xbb, 0x23, 0xc7, 0x06, 0xbf,
  0xba, 0xa5, 0xa1, 0xbd, 0xa8, 0x34, 0x03, 0xbf, 0x0e, 0xf4, 0x36, 0x3e, 0x2c, 0x07, 0xe8, 0xbd,
  0x97, 0x64, 0x18, 0x3f, 0x56, 0x9a, 0x0f, 0x3f, 0xdc, 0x48, 0x26, 0xbf, 0x86, 0xd7, 0xaf, 0x3e,
  0x86, 0xad, 0x3e, 0x3e, 0x14, 0xce, 0xa0, 0xbb, 0x3a, 0x79, 0x9f, 0x3d, 0x90, 0x32, 0x46, 0x3f,
  0x59, 0x23, 0x51, 0xbf, 0x26, 0x40, 0x0f, 0xbf, 0x6b, 0x33, 0x57, 0x3e, 0xad, 0x48, 0x22, 0xbf,
  0x60, 0xc2, 0xfe, 0x3c, 0x76, 0xdf, 0xef, 0xbe, 0x17, 0x24, 0x28, 0x3e, 0xac, 0xbb, 0x9a, 0xbd,
  0x0c, 0xa2, 0x5a, 0x3f, 0xa1, 0x04, 0xc2, 0x3e, 0xfd, 0x62, 0x31, 0xbf, 0x0e, 0xf6, 0x84, 0x3e,
  0x79, 0xa0, 0xa5, 0x3e, 0x1e, 0x28, 0x8b, 0xbe, 0x46, 0x4a, 0xb9, 0x3d, 0x64, 0xa1, 0xf1, 0x3e,
  0xc9, 0x70, 0x5b, 0xbf, 0x4c, 0xdb, 0xd0, 0xbe, 0xee, 0xd6, 0xf0, 0x3e, 0xed, 0x5b, 0xe7, 0xbe,
  0xfa, 0x8b, 0xaf, 0x3e, 0x77, 0x27, 0xca, 0xbe, 0x00, 0x06, 0xb7, 0x3a, 0x76, 0x75, 0x89, 0xbe,
  0x11, 0x64, 0x33, 0x3f, 0x3d, 0xe9, 0x10, 0x3f, 0x60, 0xbb, 0x3d, 0xbf, 0x59, 0x8e, 0xf5, 0x3e,
  0x80, 0x16, 0x4d, 0x3e, 0x11, 0x0b, 0x35, 0xbe, 0x32, 0x8b, 0xda, 0xbd, 0x15, 0x44, 0x22, 0x3f,
  0x23, 0x37, 0x6b, 0xbf, 0xe1, 0x2a, 0x00, 0xbf, 0x12, 0x30, 0x04, 0x3f, 0x47, 0xc7, 0x02, 0xbf,
  0xa5, 0x54, 0x4c, 0x3e, 0x9e, 0xaa, 0x15, 0xbf, 0x29, 0x68, 0x86, 0x3e, 0xe0, 0x79, 0x7d, 0xbe,
  0xfc, 0xaa, 0xe7, 0x3e, 0x2e, 0x77, 0xa6, 0x3e, 0x63, 0x78, 0x4f, 0xbf, 0xa6, 0x22, 0x06, 0x3f,
  0x75, 0x10, 0x26, 0x3e, 0xe3, 0x50, 0x54, 0x3e, 0x00, 0x80, 0x8e, 0xb9, 0x18, 0xf4, 0x19, 0x3f,
  0xb7, 0x31, 0x23, 0xbf, 0x4f, 0xe0, 0xfc, 0xbe, 0xaf, 0x8b, 0x64, 0x3e, 0x71, 0x0e, 0x92, 0xbe,
  0x60, 0x01, 0x48, 0x3d, 0x5d, 0x4b, 0x0d, 0xbf, 0xc2, 0x69, 0xcc, 0x3e, 0x70, 0x71, 0xe8, 0xbd,
  0x4c, 0xdb, 0x61, 0x3f, 0x64, 0xb1, 0x64, 0x3e, 0xae, 0xdb, 0x0c, 0xbf, 0x77, 0xd9, 0xad, 0x3e,
  0x4c, 0x88, 0xf6, 0x3e, 0x2a, 0xc3, 0x5a, 0xbd, 0x1c, 0xcb, 0x08, 0xbe, 0xcc, 0x7c, 0xc0, 0x3e,
  0x3f, 0x9d, 0x2e, 0xbf, 0xfa, 0x3b, 0x45, 0xbe, 0xa4, 0xc9, 0xc8, 0x3e, 0xcc, 0xe9, 0x36, 0xbe,
  0x38, 0x64, 0x11, 0x3d, 0x8e, 0x3f, 0xb5, 0xbe, 0xd8, 0xa0, 0xd9, 0xbc, 0x30, 0xe9, 0x0f, 0xbe,
  0xbd, 0x63, 0x9e, 0x3e, 0x4c, 0x2e, 0x67, 0x3e, 0x24, 0x52, 0x0a, 0xbf, 0x7d, 0x2d, 0xcb, 0x3e,
  0x05, 0xcb, 0xb0, 0x3e, 0x3c, 0xb6, 0x99, 0x3d, 0xef, 0x86, 0x79, 0xbe, 0x11, 0x81, 0x11, 0x3f,
  0x36, 0x69, 0xe6, 0xbe, 0xbe, 0x0c, 0xa9, 0xbe, 0x87, 0xc8, 0x8a, 0x3e, 0xea, 0xec, 0x90, 0xbe,
  0xe4, 0x96, 0x29, 0x3d, 0xa1, 0xfa, 0x16, 0xbf, 0x48, 0x5d, 0x88, 0x3e, 0xcc, 0x16, 0x14, 0xbe,
  0xf4, 0x2a, 0xe0, 0x3e, 0x78, 0x73, 0x08, 0x3f, 0x86, 0x36, 0x13, 0xbf, 0x1e, 0x01, 0xf4, 0x3e,
  0xe9, 0x72, 0xe6, 0x3e, 0xfc, 0xe5, 0x70, 0xbe, 0x1e, 0xbb, 0x6e, 0xbe, 0xf8, 0x52, 0x5d, 0x3f,
  0x15, 0x92, 0x26, 0xbf, 0x13, 0x62, 0x32, 0xbf, 0x03, 0xa9, 0xc2, 0x3e, 0x65, 0xa3, 0xd2, 0xbe,
  0x08, 0x01, 0x64, 0x3e, 0x62, 0xc6, 0xdc, 0xbe, 0x21, 0x2b, 0xa6, 0x3e, 0x4b, 0x94, 0xce, 0xbe,
  0xa4, 0x22, 0x12, 0x3f, 0xc4, 0xc2, 0x00, 0x3f, 0x16, 0xec, 0x18, 0xbf, 0x62, 0x45, 0x00, 0x3f,
  0x08, 0x24, 0xd6, 0x3e, 0xa9, 0x54, 0x48, 0xbe, 0xfb, 0x23, 0x95, 0xbe, 0xa0, 0x0e, 0x5c, 0x3f,
  0x98, 0x42, 0x55, 0xbf, 0x26, 0xf3, 0x3a, 0xbf, 0x06, 0x68, 0x0c, 0x3f, 0x59, 0x25, 0xee, 0xbe,
  0x45, 0x3b, 0x0b, 0x3e, 0xb4, 0xe6, 0xf3, 0xbe, 0x9c, 0xcc, 0x68, 0x3e, 0xb7, 0x6c, 0x08, 0xbe,
  0x67, 0xb5, 0x23, 0x3f, 0xdc, 0xce, 0x96, 0x3e, 0x55, 0x3e, 0x10, 0xbf, 0xa7, 0x4b, 0xb4, 0x3e,
  0xe2, 0xcb, 0xf1, 0x3e, 0x6b, 0x5c, 0x84, 0xbe, 0xf8, 0x56, 0x6e, 0xbe, 0x6e, 0x0c, 0x31, 0x3f,
  0x6c, 0x96, 0x3e, 0xbf, 0x3a, 0xd0, 0x0c, 0xbf, 0xe4, 0x1d, 0xd8, 0x3e, 0x8e, 0x72, 0x8c, 0xbe,
  0xae, 0xa6, 0xaf, 0x3d, 0xc4, 0x37, 0xf8, 0xbe, 0x5e, 0x1a, 0x9a, 0x3d, 0xf0, 0xa0, 0xcb, 0xbd,
  0xdf, 0x6e, 0x03, 0x3f, 0x22, 0x49, 0xf7, 0x3e, 0x83, 0x05, 0x23, 0xbf, 0x45, 0x5b, 0xa7, 0x3e,
  0x7a, 0x77, 0x3e, 0x3e, 0xeb, 0xa0, 0x1a, 0x3e, 0x71, 0x92, 0xe0, 0xbd, 0x6a, 0xc9, 0x30, 0x3f,
  0x92, 0x87, 0x3a, 0xbf, 0xbd, 0x2c, 0x3a, 0xbf, 0x00, 0x43, 0x1c, 0x3c, 0xac, 0x83, 0x06, 0xbf,
  0x8d, 0xe4, 0x16, 0xbe, 0x45, 0x24, 0xfa, 0xbe, 0xce, 0xe1, 0x18, 0x3e, 0x98, 0xa5, 0xbb, 0xbe,
  0x8e, 0xec, 0x2c, 0x3f, 0x84, 0xe2, 0x87, 0x3e, 0x2e, 0x84, 0xfc, 0xbe, 0xb6, 0xe1, 0xad, 0x3e,
  0xe1, 0x3d, 0x09, 0x3f, 0x40, 0xff, 0xaf, 0xbd, 0x43, 0x1a, 0x8e, 0xbe, 0x74, 0xfc, 0x24, 0x3f,
  0xfc, 0x2b, 0x29, 0xbf, 0x0f, 0x95, 0x02, 0xbf, 0x44, 0x1c, 0xe3, 0x3e, 0xb1, 0x7d, 0xe9, 0xbe,
  0xce, 0x1a, 0xc9, 0x3e, 0xb8, 0x1a, 0xfe, 0xbe, 0x21, 0x3a, 0x66, 0x3e, 0x2e, 0x63, 0xbe, 0xbe,
  0x4b, 0x71, 0xf2, 0x3e, 0x5c, 0xe5, 0xaa, 0x3e, 0x44, 0x28, 0x3b, 0xbf, 0x6b, 0xe7, 0xd6, 0x3e,
  0xc6, 0x6a, 0xdd, 0x3e, 0xd5, 0x29, 0x2a, 0x3e, 0x52, 0xfc, 0xe8, 0xbe, 0x76, 0x02, 0x5c, 0x3f,
  0x91, 0xfa, 0x33, 0xbf, 0xaf, 0xf6, 0x19, 0xbf, 0xba, 0x23, 0x33, 0x3f, 0x0e, 0x48, 0xb6, 0xbe,
  0xd1, 0x8c, 0x96, 0x3e, 0x32, 0x4e, 0xf8, 0xbe, 0x2c, 0x5a, 0x0e, 0x3f, 0xb5, 0x3c, 0xe8, 0xbd,
  0x90, 0x4e, 0x1f, 0x3f, 0xb1, 0x45, 0xbe, 0x3e, 0xec, 0xfa, 0x14, 0xbf, 0x36, 0x88, 0xc6, 0x3e,
  0xf3, 0x61, 0xab, 0x3e, 0x44, 0xfe, 0x64, 0xbd, 0xb4, 0x76, 0x89, 0xbe, 0x62, 0xb6, 0x0c, 0x3f,
  0x4f, 0x78, 0x1d, 0xbf, 0x80, 0x3d, 0xd0, 0xbe, 0x8f, 0x6c, 0xa3, 0x3e, 0xf0, 0xc1, 0xd0, 0xbe,
  0x78, 0xe1, 0xae, 0xbc, 0xce, 0x99, 0x93, 0xbe, 0x2c, 0x37, 0x4a, 0xbd, 0xaa, 0x7f, 0xfa, 0x3d,
  0x5c, 0x48, 0x3b, 0x3f, 0x5d, 0x67, 0x03, 0x3f, 0xdc, 0xdf, 0x23, 0xbf, 0x5a, 0xa0, 0x73, 0x3e,
  0xcf, 0x8f, 0xd9, 0x3e, 0x8a, 0x35, 0xdc, 0x3c, 0xf8, 0xda, 0x94, 0xbd, 0x19, 0xa2, 0x11, 0x3f,
  0x7c, 0x2c, 0x2f, 0xbf, 0x9d, 0x68, 0xc6, 0xbe, 0x27, 0x63, 0xd3, 0x3e, 0xe8, 0xd2, 0xc3, 0xbe,
  0x5e, 0x90, 0xc7, 0x3e, 0x25, 0x80, 0xa5, 0xbe, 0x56, 0x9f, 0xa6, 0x3e, 0x86, 0xd0, 0x01, 0xbe,
  0x89, 0x64, 0x1f, 0x3f, 0x81, 0x9b, 0xa1, 0x3e, 0x3b, 0x8c, 0x14, 0xbf, 0xa1, 0xad, 0xb9, 0x3e,
  0x94, 0x29, 0x81, 0x3e, 0xe0, 0x72, 0x67, 0x3e, 0xa4, 0x3c, 0x15, 0xbd, 0xd6, 0x04, 0xf6, 0x3e,
  0xb7, 0xfe, 0x3d, 0xbf, 0x04, 0xca, 0x05, 0xbf, 0x50, 0xbb, 0xb4, 0x3e, 0xcc, 0x44, 0x8c, 0xbe,
  0xda, 0xd0, 0xb5, 0x3e, 0xd8, 0xd5, 0xd6, 0xbe, 0x5a, 0xbc, 0x3d, 0x3e, 0x75, 0x88, 0x6d, 0xbe,
  0x40, 0x79, 0x1b, 0x3f, 0xc8, 0xe8, 0xec, 0x3e, 0x35, 0x02, 0x45, 0xbf, 0x7d, 0x8b, 0x5b, 0x3e,
  0x90, 0xf9, 0x65, 0x3e, 0x02, 0x58, 0x78, 0x3d, 0x1e, 0x6f, 0x08, 0xbe, 0x99, 0xf9, 0xff, 0x3e,
  0x67, 0x40, 0x4c, 0xbf, 0x55, 0xd4, 0x3d, 0xbf, 0x16, 0xbe, 0x77, 0x3e, 0x55, 0x0c, 0xea, 0xbe,
  0x18, 0x47, 0x16, 0x3e, 0xb9, 0xdd, 0xb5, 0xbe, 0x68, 0x69, 0x2e, 0x3d, 0x9c, 0xfd, 0xf6, 0xbe,
  0x4d, 0x26, 0xdd, 0x3e, 0xca, 0xb1, 0xd1, 0x3e, 0x6c, 0x85, 0x55, 0xbf, 0x59, 0x6a, 0xe2, 0x3e,
  0xf2, 0x02, 0x65, 0x3e, 0x09, 0x48, 0x91, 0x3c, 0x80, 0x67, 0xdd, 0xbd, 0xd1, 0xfc, 0xea, 0x3e,
  0xa6, 0x05, 0x52, 0xbf, 0x2a, 0x7f, 0x29, 0xbf, 0xd0, 0x36, 0x12, 0x3e, 0x48, 0x08, 0x0e, 0xbf,
  0x1e, 0xbd, 0x45, 0x3e, 0xc1, 0xaa, 0x10, 0xbf, 0x24, 0x1e, 0x90, 0x3d, 0xa8, 0xdd, 0xb6, 0xbe,
  0x78, 0xea, 0xf5, 0x3e, 0x46, 0x90, 0xf2, 0x3e, 0x1c, 0xc3, 0x38, 0xbf, 0x44, 0x21, 0xe8, 0x3e,
  0x69, 0xc9, 0x99, 0x3e, 0x14, 0x0a, 0xa5, 0x3d, 0xa7, 0xd4, 0x14, 0xbe, 0x8b, 0x6e, 0x40, 0x3f,
  0x21, 0xea, 0x5c, 0xbf, 0x2a, 0xd7, 0x5b, 0xbf, 0x54, 0xeb, 0x8e, 0x3e, 0x1e, 0x42, 0xe5, 0xbe,
  0xf9, 0xa4, 0x96, 0x3e, 0x2c, 0x59, 0x0c, 0xbf, 0xfb, 0x9f, 0xa8, 0x3e, 0x5a, 0xee, 0xc5, 0xbe,
  0x83, 0x1e, 0x3a, 0x3f, 0x2e, 0xaf, 0xa2, 0x3e, 0x2c, 0xa6, 0x06, 0xbf, 0x65, 0xc1, 0x40, 0x3e,
  0x44, 0x8b, 0x1e, 0x3f, 0xb5, 0x1e, 0x27, 0xbe, 0x86, 0xcb, 0x5f, 0xbe, 0xfb, 0x9c, 0x36, 0x3f,
  0x97, 0x29, 0x29, 0xbf, 0x6a, 0x61, 0x12, 0xbf, 0xa2, 0x54, 0xee, 0x3e, 0xca, 0xc8, 0x84, 0xbe,
  0xd8, 0x57, 0x98, 0x3e, 0x7f, 0x41, 0xd0, 0xbe, 0x83, 0xff, 0x54, 0x3e, 0x0c, 0x8f, 0xd5, 0xbe,
  0x72, 0x1b, 0x5b, 0x3f, 0x0e, 0xfc, 0x0b, 0x3f, 0x83, 0x07, 0x28, 0xbf, 0xf9, 0x24, 0xb2, 0x3e,
  0x90, 0x29, 0xab, 0x3e, 0xdc, 0x7a, 0x8f, 0xbe, 0xe7, 0xc1, 0x42, 0xbe, 0xbc, 0xb5, 0x08, 0x3f,
  0xae, 0xc6, 0x54, 0xbf, 0x03, 0x0c, 0xe9, 0xbe, 0xd3, 0x21, 0x0b, 0x3f, 0xc9, 0x5c, 0x15, 0xbf,
  0x60, 0xf2, 0x4d, 0x3e, 0x8c, 0xdd, 0xa8, 0xbe, 0x44, 0xd9, 0x27, 0x3d, 0x86, 0x42, 0xa2, 0xbd,
  0x61, 0x5a, 0x1b, 0x3f, 0x94, 0xa9, 0xd7, 0x3e, 0x6a, 0x54, 0x03, 0xbf, 0xad, 0x33, 0x1e, 0x3f,
  0x64, 0xfb, 0xc1, 0x3e, 0xaf, 0x7b, 0x58, 0xbe, 0x56, 0x1e, 0xb6, 0xbe, 0x24, 0x59, 0x54, 0x3f,
  0x89, 0x5d, 0x45, 0xbf, 0x54, 0xc2, 0x35, 0xbf, 0xaa, 0x24, 0xe0, 0x3e, 0xf1, 0x8d, 0xe0, 0xbe,
  0xf8, 0xcf, 0x19, 0x3e, 0x2c, 0x2d, 0x0d, 0xbf, 0xa2, 0x3d, 0x6e, 0x3e, 0x29, 0x4f, 0x1a, 0xbe,
  0xc0, 0xd6, 0xcf, 0x3e, 0x6a, 0xd0, 0xec, 0x3e, 0xb2, 0xe5, 0x1e, 0xbf, 0x6f, 0x12, 0xe3, 0x3e,
  0x7b, 0x9f, 0x64, 0x3e, 0x03, 0x93, 0x3f, 0x3e, 0xcc, 0xd8, 0xaa, 0xbe, 0x4d, 0x3d, 0x28, 0x3f,
  0xce, 0xa0, 0x38, 0xbf, 0x51, 0x60, 0x2b, 0xbf, 0x96, 0x3c, 0x83, 0x3e, 0xee, 0x59, 0x07, 0xbf,
  0xba, 0xbf, 0x2e, 0x3e, 0x28, 0xf4, 0x16, 0xbf, 0x77, 0x9e, 0x84, 0x3e, 0x2a, 0xee, 0xa6, 0xbe,
  0x94, 0x15, 0xad, 0x3e, 0xdd, 0x2d, 0x47, 0x3e, 0x23, 0xc9, 0x0a, 0xbf, 0xaa, 0x0f, 0xc8, 0x3e,
  0xaa, 0xca, 0x91, 0x3e, 0x8b, 0xcb, 0xa7, 0x3e, 0xfc, 0x1d, 0x6e, 0xbe, 0x6a, 0x28, 0x21, 0x3f,
  0x36, 0x29, 0x07, 0xbf, 0x8a, 0x31, 0x28, 0xbf, 0xd2, 0x89, 0x42, 0x3e, 0x85, 0x41, 0x64, 0xbe,
  0x26, 0x7e, 0x23, 0x3e, 0x8e, 0x76, 0x06, 0xbf, 0x02, 0x14, 0x3c, 0x3e, 0x04, 0xbc, 0xb6, 0xbe,
  0xad, 0xf3, 0x1b, 0x3f, 0x59, 0x38, 0xa0, 0x3e, 0x7a, 0xd1, 0x2a, 0xbf, 0x40, 0x1d, 0x89, 0x3e,
  0x1d, 0x64, 0xb3, 0x3e, 0x41, 0x0e, 0x94, 0x3d, 0x4e, 0x99, 0x4a, 0xbd, 0xa8, 0x30, 0x25, 0x3f,
  0x85, 0x38, 0x31, 0xbf, 0xfb, 0x18, 0xf8, 0xbe, 0x55, 0x6a, 0x9b, 0x3e, 0x26, 0xaa, 0x4e, 0xbe,
  0x6b, 0x44, 0x22, 0x3e, 0x35, 0xdc, 0xea, 0xbe, 0x01, 0x62, 0x5a, 0x3e, 0xea, 0xa1, 0x99, 0xbe,
  0x3d, 0x6a, 0x0c, 0x3f, 0x8b, 0x8a, 0xa8, 0x3e, 0x30, 0x9e, 0xfd, 0xbe, 0x4c, 0xbd, 0x9d, 0x3e,
  0x03, 0xc9, 0x9b, 0x3e, 0x60, 0xa9, 0xba, 0x3e, 0xba, 0x24, 0x98, 0xbd, 0x12, 0xfe, 0x3c, 0x3f,
  0x2e, 0x7f, 0x27, 0xbf, 0x5e, 0xe1, 0x27, 0xbf, 0xa9, 0xa5, 0x23, 0x3e, 0xbc, 0xd1, 0xb5, 0xbe,
  0x94, 0x32, 0x27, 0x3d, 0xe1, 0x0e, 0xf9, 0xbe, 0x2f, 0x23, 0x99, 0x3e, 0x2c, 0xa7, 0x49, 0xbe,
  0x59, 0xa0, 0xc4, 0x3e, 0x82, 0xe1, 0x5c, 0x3e, 0x83, 0x5f, 0x29, 0xbf, 0xbc, 0x77, 0x04, 0x3f,
  0xa2, 0xc5, 0xb8, 0x3e, 0xd6, 0x34, 0x35, 0xbc, 0x24, 0x18, 0xdb, 0xbe, 0xee, 0xfa, 0x43, 0x3f,
  0x9a, 0x40, 0x38, 0xbf, 0x7c, 0x80, 0xd4, 0xbe, 0x85, 0x9f, 0x03, 0x3f, 0xc7, 0x9f, 0x94, 0xbe,
  0x53, 0x9b, 0x1d, 0x3e, 0x0b, 0xf9, 0x44, 0xbf, 0xb2, 0x10, 0xc1, 0x3e, 0x90, 0x7b, 0x08, 0xbe,
  0x8d, 0x50, 0x81, 0x3e, 0x64, 0x78, 0xd9, 0x3e, 0x9f, 0xea, 0x3e, 0xbf, 0xa6, 0x71, 0xc5, 0x3e,
  0x08, 0x3a, 0x68, 0x3e, 0xdf, 0xbb, 0x02, 0x3e, 0xfd, 0x6d, 0x74, 0xbe, 0x7a, 0xb8, 0x38, 0x3f,
  0xaa, 0x5d, 0x15, 0xbf, 0xd4, 0x96, 0x2e, 0xbf, 0x83, 0x75, 0x9a, 0x3e, 0x32, 0xeb, 0x93, 0xbe,
  0xd2, 0x24, 0x49, 0x3e, 0x70, 0x37, 0x30, 0xbf, 0xb7, 0x14, 0xea, 0x3e, 0x87, 0x66, 0x4e, 0xbe,
  0x97, 0xf0, 0x01, 0x3f, 0x55, 0x24, 0x03, 0x3e, 0xdf, 0xb5, 0x2d, 0xbf, 0x60, 0xec, 0x0d, 0x3f,
  0x48, 0x63, 0xd7, 0x3e, 0xf2, 0xd6, 0x95, 0xbd, 0x00, 0xb6, 0xff, 0xbc, 0x52, 0x29, 0x3c, 0x3f,
  0xb8, 0xe5, 0x66, 0xbf, 0xc7, 0x56, 0x26, 0xbf, 0x6a, 0x19, 0xf0, 0x3e, 0xcb, 0xdc, 0xad, 0xbe,
  0x3d, 0x16, 0xdb, 0x3e, 0x17, 0x3e, 0x2b, 0xbf, 0xda, 0x40, 0xa5, 0x3e, 0xc0, 0x8f, 0xd4, 0xbe,
  0x3f, 0xaf, 0x03, 0x3f, 0x47, 0xf7, 0x92, 0x3e, 0x98, 0x7c, 0x3d, 0xbf, 0x99, 0x6d, 0x08, 0x3f,
  0x45, 0x1a, 0x9d, 0x3e, 0xa6, 0x77, 0x74, 0xbc, 0xf8, 0x3c, 0xf3, 0xbc, 0xfe, 0x6b, 0x39, 0x3f,
  0xab, 0x72, 0x82, 0xbf, 0xa2, 0xb3, 0x32, 0xbf, 0xda, 0x7b, 0xad, 0x3e, 0x46, 0x7f, 0xce, 0xbe,
  0x77, 0xb2, 0xa7, 0x3e, 0x5c, 0x14, 0x2b, 0xbf, 0xe6, 0x90, 0xb3, 0x3e, 0x81, 0xee, 0xba, 0xbe,
  0x2a, 0x43, 0x49, 0x3f, 0x50, 0xa4, 0x38, 0x3e, 0xbe, 0xc4, 0x60, 0xbf, 0xae, 0x0b, 0x07, 0x3f,
  0x0e, 0x28, 0x15, 0x3f, 0xba, 0xe7, 0x6a, 0xbe, 0x87, 0x1d, 0x50, 0xbe, 0x5c, 0x8c, 0x3d, 0x3f,
  0x58, 0x27, 0x75, 0xbf, 0xb1, 0xfd, 0x06, 0xbf, 0xc4, 0x78, 0x2f, 0x3f, 0xc2, 0x65, 0x92, 0xbe,
  0xa3, 0x4d, 0xea, 0x3e, 0x44, 0xc5, 0x08, 0xbf, 0xdd, 0xe6, 0xba, 0x3e, 0x4d, 0x88, 0xed, 0xbe,
  0x2c, 0xf1, 0x12, 0x3f, 0xce, 0xab, 0xec, 0x3e, 0x60, 0xc9, 0x39, 0xbf, 0xf4, 0x29, 0x00, 0x3f,
  0xe8, 0x78, 0x34, 0x3e, 0x51, 0xb1, 0xe7, 0x3d, 0xe8, 0xc1, 0xd2, 0xbc, 0x5e, 0xed, 0xd8, 0x3e,
  0x73, 0xc4, 0x3c, 0xbf, 0x96, 0x03, 0xe9, 0xbe, 0x9e, 0x2a, 0x3e, 0x3e, 0x2c, 0xaa, 0xf0, 0xbe,
  0x22, 0x6b, 0x6b, 0x3e, 0x62, 0xfd, 0x1a, 0xbf, 0xbb, 0x94, 0xc3, 0x3e, 0x88, 0x83, 0x56, 0xbe,
  0xee, 0x96, 0x21, 0x3f, 0x0d, 0xee, 0x92, 0x3e, 0x3c, 0x4a, 0x05, 0xbf, 0xf6, 0x18, 0xbe, 0x3e,
  0xe7, 0x5d, 0xcd, 0x3e, 0xeb, 0xe5, 0x2a, 0x3d, 0x54, 0x98, 0x2c, 0xbe, 0x49, 0xc2, 0x22, 0x3f,
  0x44, 0xdd, 0x36, 0xbf, 0x16, 0x16, 0xf7, 0xbe, 0xfe, 0x5a, 0xb8, 0x3e, 0xc8, 0x99, 0xa6, 0xbe,
  0x47, 0xbf, 0x62, 0x3e, 0x50, 0x63, 0xf7, 0xbe, 0x83, 0x05, 0x87, 0x3e, 0x9a, 0x67, 0xd6, 0xbe,
  0x11, 0x9a, 0x08, 0x3f, 0x0a, 0xb8, 0x17, 0x3f, 0x30, 0x7e, 0x66, 0xbf, 0x29, 0x52, 0xc2, 0x3e,
  0x21, 0xf6, 0x87, 0x3e, 0x80, 0xac, 0xc4, 0x39, 0xa0, 0x44, 0xfb, 0x3c, 0x9b, 0x1c, 0x57, 0x3f,
  0x10, 0xaf, 0x70, 0xbf, 0xae, 0xe2, 0xfd, 0xbe, 0x84, 0x0b, 0xd1, 0x3e, 0xf8, 0x70, 0x19, 0xbf,
  0x74, 0x56, 0xad, 0x3e, 0xfa, 0x72, 0xe9, 0xbe, 0x30, 0x4b, 0xf8, 0x3e, 0xc8, 0xae, 0xac, 0xbe,
  0x55, 0xd3, 0x2d, 0x3f, 0x64, 0x9a, 0x88, 0x3e, 0xc7, 0x08, 0x17, 0xbf, 0xaf, 0x60, 0xf5, 0x3e,
  0x8a, 0xec, 0xda, 0x3e, 0x3a, 0x3c, 0xe3, 0xbd, 0xc1, 0x23, 0x98, 0xbe, 0x6a, 0x64, 0x0c, 0x3f,
  0xef, 0x3e, 0x43, 0xbf, 0xcb, 0x2b, 0x14, 0xbf, 0x6a, 0x88, 0xfa, 0x3e, 0x54, 0xd1, 0x83, 0xbe,
  0x51, 0xcd, 0x80, 0x3e, 0xb2, 0x79, 0xe2, 0xbe, 0x52, 0x92, 0x1e, 0x3e, 0x3c, 0x29, 0x00, 0x3d,
  0xcf, 0x0b, 0xde, 0x3e, 0x46, 0x8e, 0xc3, 0x3e, 0x89, 0x3f, 0x30, 0xbf, 0x29, 0x14, 0xcd, 0x3e,
  0x7a, 0x83, 0xf0, 0x3e, 0x38, 0x23, 0xba, 0xbd, 0x24, 0x7a, 0x46, 0xbe, 0x1e, 0xf7, 0x2a, 0x3f,
  0x78, 0x9b, 0x03, 0xbf, 0xc9, 0xd5, 0x05, 0xbf, 0x86, 0x2b, 0xa1, 0x3e, 0xc1, 0x38, 0xa6, 0xbe,
  0x97, 0x8a, 0xa1, 0x3e, 0xc9, 0x80, 0x08, 0xbf, 0xf6, 0x2a, 0xb3, 0x3e, 0xc0, 0xc9, 0xc1, 0xbd,
  0x37, 0x2b, 0xce, 0x3e, 0x8b, 0x98, 0x97, 0x3e, 0xb1, 0xfd, 0x2d, 0xbf, 0x1e, 0x09, 0xdd, 0x3e,
  0x42, 0x59, 0x93, 0x3e, 0xb4, 0x01, 0x8b, 0x3d, 0x98, 0x5d, 0xa0, 0xbe, 0x43, 0x3b, 0x17, 0x3f,
  0x91, 0x7c, 0x1d, 0xbf, 0xbf, 0x55, 0x06, 0xbf, 0x8b, 0x01, 0xe7, 0x3e, 0xda, 0x7f, 0xb9, 0xbe,
  0xa2, 0x14, 0x96, 0x3e, 0x49, 0xbf, 0xfd, 0xbe, 0x4e, 0xf3, 0xaf, 0x3e, 0xa8, 0xc0, 0xa9, 0x3c,
  0x56, 0x6f, 0x38, 0x3f, 0x89, 0x70, 0xfc, 0x3e, 0x7e, 0x32, 0x1b, 0xbf, 0x90, 0xa1, 0xaa, 0x3d,
  0xd9, 0x1f, 0x94, 0x3e, 0x87, 0x69, 0x18, 0x3e, 0x88, 0x32, 0x80, 0xbe, 0xe6, 0xf4, 0xae, 0x3e,
  0xc8, 0x45, 0xe1, 0xbe, 0x14, 0x17, 0x2d, 0xbe, 0x7d, 0xec, 0xb4, 0x3e, 0xa6, 0xe9, 0xd5, 0xbe,
  0x9a, 0x98, 0x0c, 0x3e, 0x70, 0x52, 0xb9, 0xbe, 0x3c, 0x2e, 0x9d, 0x3e, 0x9f, 0x4b, 0x4d, 0x3e,
  0xdd, 0xe3, 0x12, 0x3f, 0x51, 0x85, 0x96, 0x3e, 0x38, 0x83, 0x1b, 0xbf, 0x94, 0xd3, 0xa0, 0x3e,
  0xf7, 0xe9, 0x84, 0x3e, 0xc0, 0xed, 0x15, 0x3e, 0x16, 0x0e, 0xfa, 0xbd, 0x0e, 0xb0, 0x15, 0x3f,
  0xce, 0x63, 0x33, 0xbf, 0xd9, 0x03, 0x31, 0xbf, 0xfa, 0xa0, 0x2e, 0x3e, 0xe9, 0xfa, 0xbe, 0xbe,
  0xee, 0xde, 0xb8, 0x3d, 0x7b, 0x90, 0x00, 0xbf, 0x20, 0x2c, 0x08, 0x3e, 0xa8, 0x9c, 0xce, 0xbe,
  0xfe, 0xca, 0x24, 0x3f, 0x70, 0x12, 0xc2, 0x3e, 0x8b, 0x3a, 0x4f, 0xbf, 0x77, 0x55, 0xe6, 0x3e,
  0xf0, 0x03, 0xc0, 0x3e, 0x36, 0x89, 0xc5, 0xbd, 0x43, 0xd4, 0x91, 0xbe, 0xdc, 0xdc, 0x38, 0x3f,
  0xa4, 0x9e, 0x6c, 0xbf, 0xe5, 0xd7, 0x45, 0xbf, 0xef, 0xd9, 0xde, 0x3e, 0x47, 0x2a, 0xf3, 0xbe,
  0x8c, 0xc3, 0x86, 0x3e, 0xed, 0xca, 0xf3, 0xbe, 0x8b, 0xc5, 0x53, 0x3e, 0xac, 0x59, 0xf8, 0xbe,
  0x59, 0x9f, 0x05, 0x3f, 0xa6, 0x15, 0x00, 0x3f, 0x43, 0x41, 0x28, 0xbf, 0x26, 0x2a, 0xca, 0x3e,
  0xfb, 0xb9, 0x2c, 0x3e, 0xaa, 0x2b, 0x34, 0xbd, 0x61, 0x2d, 0x3f, 0x3e, 0xc4, 0x8c, 0x2c, 0x3f,
  0x53, 0x11, 0x3a, 0xbf, 0x86, 0x20, 0x05, 0xbf, 0x60, 0x79, 0x8d, 0x3c, 0xf4, 0x63, 0xed, 0xbe,
  0x56, 0x05, 0xa3, 0x3d, 0x4c, 0x39, 0x07, 0xbf, 0xc1, 0x30, 0x4c, 0x3e, 0x00, 0xe2, 0x13, 0xbe,
  0xd9, 0x89, 0x2d, 0x3f, 0x36, 0x45, 0xf7, 0x3e, 0xb8, 0x3e, 0x0b, 0xbf, 0x82, 0x58, 0xde, 0x3e,
  0x1a, 0x66, 0x60, 0x3e, 0x36, 0x02, 0xd3, 0xbd, 0xc0, 0xc4, 0x37, 0x3d, 0xfc, 0x60, 0x30, 0x3f,
  0xb2, 0x78, 0x58, 0xbf, 0xc6, 0x7f, 0x08, 0xbf, 0xa3, 0x41, 0x4a, 0x3e, 0x0c, 0xbc, 0x11, 0xbf,
  0x18, 0x5c, 0x9e, 0x3c, 0x7a, 0xfa, 0xf1, 0xbe, 0xc5, 0xb9, 0xdd, 0x3d, 0x64, 0x8b, 0x35, 0xbe,
  0x13, 0xee, 0x46, 0x3f, 0x04, 0xd6, 0x13, 0x3f, 0xa8, 0xac, 0x3a, 0xbf, 0x0b, 0x32, 0xbd, 0x3e,
  0x72, 0x06, 0x35, 0x3e, 0x7e, 0x09, 0xe0, 0xbd, 0x62, 0x3a, 0xf7, 0x3d, 0x80, 0xd0, 0x00, 0x3f,
  0x46, 0x6a, 0x6e, 0xbf, 0xc6, 0xb4, 0x0c, 0xbf, 0x9b, 0x97, 0xe3, 0x3e, 0x55, 0x8b, 0x20, 0xbf,
  0xcb, 0x27, 0xaa, 0x3e, 0x5d, 0xcf, 0xf1, 0xbe, 0x8a, 0x20, 0x7e, 0x3e, 0x68, 0x53, 0x8c, 0xbe,
  0xd9, 0xe2, 0x36, 0x3f, 0x58, 0x53, 0x0b, 0x3f, 0xb1, 0x75, 0x2b, 0xbf, 0xc2, 0xc7, 0xd1, 0x3e,
  0x90, 0xee, 0x1b, 0x3e, 0xca, 0xa6, 0xae, 0xbd, 0x04, 0xbb, 0x27, 0xbd, 0xf0, 0xd7, 0xe1, 0x3e,
  0x81, 0x82, 0x50, 0xbf, 0x90, 0x27, 0xbe, 0xbe, 0x66, 0x3a, 0xa8, 0x3e, 0x83, 0x50, 0xdc, 0xbe,
  0x29, 0x08, 0xf8, 0x3d, 0x93, 0x4d, 0x15, 0xbf, 0x8d, 0x89, 0x86, 0x3e, 0x8a, 0xc2, 0x21, 0xbe,
  0x8a, 0xb6, 0xe0, 0x3e, 0xbd, 0xa3, 0x8e, 0x3e, 0xea, 0xa4, 0x40, 0xbf, 0xbe, 0x68, 0x2a, 0x3f,
  0xee, 0x13, 0x26, 0x3e, 0xda, 0x89, 0x75, 0x3e, 0x00, 0xa3, 0x06, 0xbd, 0x1a, 0x3d, 0x21, 0x3f,
  0xc9, 0x94, 0x3e, 0xbf, 0x75, 0x1e, 0x04, 0xbf, 0x3c, 0x93, 0x52, 0x3e, 0x1c, 0xa6, 0xa9, 0xbe,
  0x08, 0x4a, 0xfe, 0x3c, 0x18, 0x76, 0x27, 0xbf, 0x54, 0x81, 0xc9, 0x3e, 0xa4, 0x87, 0xfb, 0xbd,
  0x90, 0x96, 0x57, 0x3f, 0x20, 0x10, 0x3f, 0x3e, 0xd4, 0xdb, 0x0e, 0xbf, 0xf6, 0x0b, 0xe8, 0x3e,
  0x6a, 0x27, 0xcf, 0x3e, 0x78, 0x83, 0xab, 0x3b, 0x6a, 0xb2, 0xf2, 0xbd, 0x80, 0x6a, 0x00, 0x3f,
  0xf5, 0xd7, 0x3f, 0xbf, 0xec, 0xd4, 0x71, 0xbe, 0xed, 0x86, 0xdd, 0x3e, 0xf9, 0x93, 0x12, 0xbe,
  0x8a, 0x9a, 0x24, 0x3e, 0x64, 0x82, 0xef, 0xbe, 0x9d, 0x54, 0x36, 0x3e, 0xb6, 0x58, 0x04, 0xbe,
  0x3b, 0x20, 0x01, 0x3f, 0x30, 0xaf, 0x87, 0x3e, 0x20, 0xdc, 0x2e, 0xbf, 0x39, 0xe9, 0xb2, 0x3e,
  0xfd, 0x8f, 0xa0, 0x3e, 0xba, 0x74, 0x5d, 0x3d, 0xdc, 0x6e, 0x0d, 0xbe, 0x3c, 0x39, 0x06, 0x3f,
  0x0e, 0x94, 0x24, 0xbf, 0xf1, 0x63, 0xcd, 0xbe, 0xef, 0x3a, 0x94, 0x3e, 0xf0, 0x99, 0x85, 0xbe,
  0xe8, 0x70, 0x39, 0x3d, 0x0d, 0x82, 0x21, 0xbf, 0x93, 0x92, 0x51, 0x3e, 0x3c, 0x5b, 0x92, 0xbe,
  0x20, 0x6b, 0x02, 0x3f, 0x9f, 0x8d, 0xd6, 0x3e, 0xe9, 0xb4, 0xfc, 0xbe, 0x4d, 0x47, 0xdb, 0x3e,
  0x12, 0x11, 0x03, 0x3f, 0xea, 0x4e, 0x2e, 0xbe, 0x21, 0xf2, 0x4f, 0xbe, 0xc4, 0x09, 0x49, 0x3f,
  0x52, 0x8b, 0x12, 0xbf, 0xe9, 0x27, 0x17, 0xbf, 0x93, 0xfa, 0xae, 0x3e, 0xd3, 0x9e, 0x1e, 0xbe,
  0x4a, 0x80, 0x2d, 0x3e, 0x4d, 0x32, 0xe9, 0xbe, 0x93, 0xce, 0x6e, 0x3e, 0x88, 0x7d, 0xa8, 0xbe,
  0x39, 0xf1, 0x29, 0x3f, 0x04, 0xd3, 0xdc, 0x3e, 0xec, 0x6d, 0x30, 0xbf, 0x2d, 0x10, 0x16, 0x3f,
  0xbc, 0xf4, 0xbe, 0x3e, 0xf2, 0x16, 0xe5, 0xbd, 0x58, 0xd1, 0xa5, 0xbe, 0xa2, 0xaf, 0x46, 0x3f,
  0x46, 0x06, 0x64, 0xbf, 0xee, 0xe7, 0x5e, 0xbf, 0x12, 0xa9, 0x1b, 0x3f, 0x32, 0x28, 0xb6, 0xbe,
  0x22, 0xf5, 0x1e, 0x3e, 0xfe, 0x26, 0xf4, 0xbe, 0xc9, 0xa3, 0x43, 0x3e, 0x6d, 0xf1, 0x1d, 0xbe,
  0xc5, 0x29, 0x10, 0x3f, 0xe6, 0x2e, 0xc2, 0x3e, 0x41, 0xec, 0x0c, 0xbf, 0xa2, 0x03, 0xaa, 0x3e,
  0x50, 0xab, 0x9b, 0x3e, 0x84, 0xd0, 0x9b, 0xbb, 0xd2, 0xb1, 0x89, 0xbe, 0x23, 0x04, 0x0c, 0x3f,
  0xfa, 0x77, 0x18, 0xbf, 0xf4, 0x58, 0xfa, 0xbe, 0x4f, 0x6e, 0x89, 0x3e, 0x16, 0xb7, 0xb9, 0xbe,
  0xb4, 0xbe, 0x5a, 0x3d, 0x54, 0xee, 0xe8, 0xbe, 0xa4, 0xfd, 0x10, 0x3e, 0x2a, 0x22, 0xb9, 0x3d,
  0xc9, 0x68, 0x3a, 0x3f, 0xa9, 0x10, 0xac, 0x3e, 0x93, 0x31, 0xea, 0xbe, 0xbb, 0x1f, 0x64, 0x3e,
  0xfb, 0x0b, 0xe1, 0x3e, 0xec, 0x9f, 0x92, 0x3d, 0x65, 0x36, 0x4f, 0xbe, 0xca, 0xd9, 0x08, 0x3f,
  0x1a, 0x7a, 0xfb, 0xbe, 0x26, 0x49, 0x1f, 0xbf, 0xb3, 0x0d, 0x13, 0x3e, 0xa7, 0x1e, 0xb8, 0xbe,
  0xfa, 0x57, 0x9e, 0x3d, 0x4c, 0xc5, 0xd8, 0xbe, 0x86, 0xd6, 0xc1, 0x3d, 0x03, 0xd5, 0x9f, 0xbe,
  0x91, 0xd6, 0x19, 0x3f, 0x9d, 0x68, 0x0a, 0x3e, 0xf7, 0x8d, 0x04, 0xbf, 0xbf, 0x4e, 0x8e, 0x3e,
  0x0e, 0x94, 0x03, 0x3f, 0x52, 0x7f, 0x92, 0x3d, 0x86, 0x18, 0x98, 0xbe, 0x38, 0x96, 0x20, 0x3f,
  0x04, 0x1e, 0x1d, 0xbf, 0xb1, 0x20, 0xfc, 0xbe, 0x12, 0x4e, 0xbc, 0x3e, 0x8a, 0x8e, 0xda, 0xbe,
  0xf0, 0x97, 0xb8, 0x3e, 0x21, 0x39, 0xd3, 0xbe, 0xd9, 0x02, 0x62, 0x3e, 0x79, 0x83, 0x04, 0xbf,
  0xac, 0x3f, 0x12, 0x3f, 0xd2, 0x92, 0x9d, 0x3e, 0xa4, 0xb3, 0x2a, 0xbf, 0x46, 0x68, 0xa1, 0x3e,
  0x24, 0x48, 0x0d, 0x3f, 0xa8, 0x57, 0x1f, 0xbd, 0xd2, 0xbc, 0xe3, 0xbe, 0xd0, 0x1a, 0x48, 0x3f,
  0x72, 0x8e, 0x23, 0xbf, 0xbb, 0x19, 0x0b, 0xbf, 0xc9, 0xc8, 0x22, 0x3f, 0x25, 0xec, 0xbb, 0xbe,
  0xbc, 0xc3, 0xdd, 0x3e, 0x39, 0x0f, 0xd7, 0xbe, 0xe3, 0x97, 0xc6, 0x3e, 0x53, 0x21, 0xa8, 0xbe,
  0x59, 0xd9, 0x14, 0x3f, 0x96, 0xe9, 0xcd, 0x3e, 0xc5, 0x0f, 0x1c, 0xbf, 0x85, 0x5a, 0xe0, 0x3e,
  0x16, 0x34, 0x70, 0x3e, 0x97, 0xc8, 0x58, 0x3d, 0x4a, 0x8d, 0x7f, 0xbe, 0xd2, 0x68, 0x18, 0x3f,
  0x41, 0xfe, 0x3a, 0xbf, 0x3e, 0x42, 0xf0, 0xbe, 0xc8, 0xe0, 0x6d, 0x3e, 0x76, 0x17, 0x15, 0xbf,
  0x98, 0x2e, 0xb3, 0xbc, 0x32, 0xcd, 0x9e, 0xbe, 0x5a, 0x8c, 0xe5, 0xbd, 0x30, 0x45, 0x51, 0xbc,
  0xe1, 0x54, 0x3b, 0x3f, 0xb3, 0xbe, 0xa1, 0x3e, 0xdf, 0xf1, 0xf6, 0xbe, 0x0d, 0x4b, 0x84, 0x3e,
  0x4f, 0xae, 0x00, 0x3f, 0x80, 0x87, 0xcf, 0x3d, 0x1c, 0x8c, 0x09, 0xbe, 0xf6, 0x52, 0x11, 0x3f,
  0xa4, 0x9c, 0x1b, 0xbf, 0xf9, 0xb9, 0xd1, 0xbe, 0xca, 0xd5, 0xa4, 0x3e, 0x69, 0x72, 0xa3, 0xbe,
  0x03, 0x13, 0xb9, 0x3e, 0x9d, 0xd7, 0x9b, 0xbe, 0x45, 0xac, 0x5f, 0x3e, 0x2f, 0xf9, 0x39, 0xbe,
  0xb2, 0xf2, 0x07, 0x3f, 0x91, 0x4f, 0x9f, 0x3e, 0x94, 0x53, 0xd3, 0xbe, 0x62, 0x25, 0xda, 0x3e,
  0xaa, 0x0b, 0xaf, 0x3e, 0x94, 0x53, 0x54, 0x3e, 0xf4, 0x17, 0x9d, 0xbe, 0x5f, 0x3b, 0x11, 0x3f,
  0x6f, 0xc0, 0x23, 0xbf, 0xb4, 0x30, 0x1f, 0xbf, 0x02, 0x06, 0x66, 0x3e, 0x18, 0xb6, 0x97, 0xbe,
  0xae, 0x5b, 0x28, 0x3e, 0x12, 0x6e, 0xb9, 0xbe, 0x6c, 0x6d, 0x85, 0x3d, 0x40, 0xe1, 0x15, 0xbe,
  0x39, 0xb0, 0x0e, 0x3f, 0x8b, 0x46, 0xef, 0x3e, 0xac, 0x75, 0x32, 0xbf, 0xcd, 0x91, 0x36, 0x3e,
  0xc7, 0x9a, 0x9e, 0x3e, 0x8c, 0xe9, 0xd2, 0x3d, 0xd2, 0x26, 0x04, 0xbe, 0x29, 0x6f, 0x08, 0x3f,
  0x64, 0x77, 0x23, 0xbf, 0x56, 0x73, 0x2e, 0xbf, 0x78, 0x95, 0x26, 0x3d, 0x98, 0x3c, 0xd5, 0xbe,
  0x10, 0x60, 0xc9, 0x3c, 0x6c, 0x40, 0x87, 0xbe, 0x26, 0x59, 0xe1, 0xbd, 0x09, 0x19, 0x06, 0xbf,
  0x7d, 0x6d, 0xde, 0x3e, 0x3e, 0x11, 0xe4, 0x3e, 0x0b, 0xd4, 0x49, 0xbf, 0x1a, 0x0e, 0xa5, 0x3e,
  0x0a, 0x6b, 0x93, 0x3d, 0xc0, 0x3a, 0x56, 0x3e, 0x73, 0x28, 0x5e, 0xbe, 0xf0, 0x2a, 0xdb, 0x3e,
  0x2e, 0xa7, 0x25, 0xbf, 0xeb, 0x4d, 0x10, 0xbf, 0xfe, 0xcd, 0xeb, 0x3d, 0x8e, 0xd6, 0xfb, 0xbe,
  0xc8, 0xf3, 0x7c, 0x3d, 0x42, 0xf2, 0xef, 0xbe, 0x9f, 0x6e, 0x43, 0x3e, 0x58, 0xb2, 0xae, 0xbe,
  0xd1, 0xd7, 0x05, 0x3f, 0x5a, 0x16, 0xd4, 0x3e, 0x8e, 0x67, 0x43, 0xbf, 0xd3, 0x45, 0x07, 0x3f,
  0xf0, 0xa1, 0x63, 0x3e, 0xfd, 0x05, 0x1e, 0x3d, 0xd4, 0xff, 0xcb, 0xbd, 0xed, 0x79, 0x34, 0x3f,
  0xec, 0xf4, 0x5d, 0xbf, 0xaa, 0xc2, 0x40, 0xbf, 0x21, 0x99, 0xa5, 0x3e, 0x30, 0xd7, 0xcc, 0xbe,
  0xb8, 0xb0, 0x43, 0x3d, 0xc2, 0x93, 0x1d, 0xbf, 0xa6, 0x0c, 0x97, 0x3e, 0xca, 0x6a, 0x8d, 0xbe,
  0xc9, 0x5a, 0x3b, 0x3f, 0x4b, 0x0a, 0xdc, 0x3e, 0x8e, 0xdc, 0x21, 0xbf, 0x20, 0xc7, 0xe8, 0x3d,
  0xbc, 0x5d, 0xe9, 0x3e, 0xb6, 0x52, 0x13, 0xbe, 0xb4, 0x5a, 0x55, 0xbe, 0x99, 0x1b, 0x1a, 0x3f,
  0x11, 0x9d, 0x2b, 0xbf, 0x52, 0xff, 0x0f, 0xbf, 0x1d, 0xbe, 0xca, 0x3e, 0x9b, 0x46, 0xbe, 0xbe,
  0x90, 0x2c, 0x08, 0x3e, 0xd3, 0x3d, 0xa6, 0xbe, 0xec, 0xc0, 0x19, 0x3e, 0xa1, 0x71, 0x00, 0xbf,
  0x90, 0x70, 0x46, 0x3f, 0x8a, 0xc6, 0x72, 0x3e, 0x9b, 0x30, 0x2b, 0xbf, 0x11, 0x76, 0x0d, 0x3f,
  0x1f, 0xa7, 0x98, 0x3e, 0xab, 0x86, 0x89, 0xbe, 0xa4, 0xe0, 0x8a, 0xbe, 0x72, 0x6e, 0x27, 0x3f,
  0x37, 0xcd, 0x59, 0xbf, 0x33, 0x8d, 0x0d, 0xbf, 0x36, 0xf0, 0x2f, 0x3f, 0x10, 0x1b, 0xb3, 0xbe,
  0x2a, 0x79, 0xbe, 0x3d, 0xd0, 0x0c, 0xe9, 0xbe, 0x6d, 0xb5, 0xfa, 0x3d, 0xca, 0x06, 0xd7, 0x3d,
  0x73, 0x93, 0x0e, 0x3f, 0x28, 0x5b, 0x0f, 0x3f, 0x94, 0x35, 0x3e, 0xbf, 0x2e, 0x12, 0xff, 0x3e,
  0x02, 0x4b, 0x9f, 0x3e, 0x08, 0x5e, 0x5f, 0xbe, 0x50, 0x9f, 0xc9, 0xbe, 0x28, 0xe4, 0x4f, 0x3f,
  0xe7, 0x21, 0x3c, 0xbf, 0x51, 0x6f, 0x28, 0xbf, 0xfa, 0xf8, 0x0d, 0x3f, 0x83, 0xb4, 0x06, 0xbf,
  0x5c, 0xc5, 0x69, 0x3e, 0xe7, 0xaa, 0xda, 0xbe, 0x34, 0x7a, 0xd1, 0x3e, 0x43, 0xb6, 0x7f, 0xbe,
  0x9b, 0xa9, 0x09, 0x3f, 0x7d, 0x20, 0xab, 0x3e, 0x98, 0x99, 0x28, 0xbf, 0x34, 0x3b, 0x1c, 0x3f,
  0x91, 0xe1, 0x7c, 0x3e, 0x44, 0x24, 0xc7, 0x3d, 0x3d, 0x79, 0xa4, 0xbe, 0x03, 0x4e, 0x21, 0x3f,
  0x84, 0x16, 0x48, 0xbf, 0x79, 0x10, 0x2d, 0xbf, 0xdf, 0xf1, 0xe4, 0x3e, 0xa2, 0x27, 0xe6, 0xbe,
  0xc7, 0x13, 0x53, 0x3e, 0x36, 0x8c, 0x03, 0xbf, 0x67, 0xfe, 0x5b, 0x3e, 0x8a, 0xcf, 0x8e, 0xbe,
  0x28, 0xd7, 0xbe, 0x3e, 0x6a, 0x0c, 0x05, 0x3e, 0xf6, 0xc9, 0x14, 0xbf, 0xa0, 0x2a, 0xed, 0x3e,
  0x79, 0xcd, 0x03, 0x3f, 0xcf, 0x46, 0xc1, 0x3d, 0x3f, 0xaa, 0x8a, 0xbe, 0x83, 0x21, 0x32, 0x3f,
  0x26, 0x7b, 0x09, 0xbf, 0x4b, 0xa0, 0x28, 0xbf, 0x04, 0xe4, 0x91, 0x3e, 0xcd, 0xe7, 0x7f, 0xbe,
  0x5a, 0x4c, 0x9e, 0x3e, 0x34, 0xb1, 0xf5, 0xbe, 0x53, 0x17, 0x7a, 0x3e, 0x4b, 0x05, 0xa7, 0xbe,
  0x5f, 0x06, 0xf9, 0x3e, 0xca, 0xfd, 0x92, 0x3e, 0x64, 0x7c, 0x40, 0xbf, 0x39, 0xb3, 0xae, 0x3e,
  0x8c, 0x80, 0xeb, 0x3e, 0x06, 0xa1, 0x17, 0xbe, 0x30, 0x5c, 0x2f, 0xbe, 0x3e, 0x4a, 0x39, 0x3f,
  0x55, 0xfb, 0x29, 0xbf, 0x9c, 0xf4, 0xc2, 0xbe, 0xfe, 0xd4, 0xac, 0x3e, 0x7b, 0x00, 0x72, 0xbe,
  0x31, 0x14, 0x81, 0x3e, 0xf9, 0x6d, 0xec, 0xbe, 0x5c, 0xb9, 0x82, 0x3e, 0xdf, 0x05, 0xe4, 0xbe,
  0xa2, 0xe3, 0xff, 0xff, 0x04, 0x00, 0x00, 0x00, 0x80, 0x00, 0x00, 0x00, 0xb3, 0x43, 0x99, 0xbe,
  0x4a, 0x77, 0xe7, 0xbe, 0x17, 0x81, 0x87, 0xbc, 0xb1, 0x89, 0xbe, 0x3e, 0xed, 0x02, 0x96, 0xbe,
  0x8d, 0xf8, 0xad, 0x3b, 0xb7, 0x8e, 0x8a, 0xbe, 0xb5, 0x5a, 0x09, 0x3e, 0x82, 0x2f, 0x3b, 0x3d,
  0xfd, 0x91, 0x40, 0xbc, 0x94, 0x33, 0xbd, 0xbc, 0xf2, 0x9d, 0xd9, 0xbc, 0xc4, 0xc6, 0x09, 0xbe,
  0x3d, 0x02, 0x64, 0x3d, 0xc0, 0x9e, 0xa5, 0x3e, 0xb2, 0x38, 0x17, 0xbd, 0xe0, 0x58, 0x49, 0xbe,
  0x7c, 0x0d, 0x40, 0xbe, 0xc1, 0x7a, 0x49, 0x3e, 0x66, 0xb7, 0xa9, 0x3e, 0x95, 0x89, 0xe6, 0x3e,
  0x45, 0xea, 0xce, 0x3d, 0x08, 0x25, 0x1d, 0xbc, 0x05, 0xdf, 0x8c, 0xbd, 0xae, 0x55, 0xb9, 0x3e,
  0x6d, 0x35, 0xe6, 0x3d, 0x8c, 0xac, 0x85, 0x3d, 0x0f, 0x53, 0x94, 0xbe, 0x13, 0xa0, 0x82, 0x3d,
  0x67, 0x43, 0x84, 0x3e, 0x70, 0xff, 0xd1, 0x3e, 0x0c, 0x2b, 0x23, 0x3e, 0x2e, 0xe4, 0xff, 0xff,
  0x04, 0x00, 0x00, 0x00, 0x00, 0x08, 0x00, 0x00, 0x6a, 0x38, 0x65, 0x3d, 0x39, 0x4b, 0xc8, 0xbb,
  0xec, 0xc8, 0xe3, 0x3d, 0xf7, 0xa3, 0x7b, 0x3e, 0xde, 0xf2, 0xa6, 0xbe, 0xc8, 0x92, 0x9d, 0x3e,
  0xcd, 0xed, 0x5e, 0x3c, 0x45, 0x63, 0x09, 0x3e, 0x2d, 0x25, 0xe3, 0x3d, 0x7d, 0x6b, 0x9e, 0xbe,
  0x31, 0x5b, 0xb9, 0xbd, 0xae, 0xd9, 0x8e, 0xbe, 0x96, 0x0f, 0x36, 0x3e, 0xb2, 0xd0, 0x52, 0x3d,
  0xc5, 0xab, 0xaf, 0x3e, 0x2b, 0x47, 0xfb, 0xbd, 0x0a, 0xd8, 0xf0, 0x3d, 0xd8, 0x2f, 0xa6, 0xbe,
  0x35, 0x5d, 0x0e, 0x3f, 0x7c, 0x73, 0xd1, 0x3d, 0xdb, 0x76, 0x34, 0x3b, 0xc5, 0xb7, 0x19, 0x3e,
  0xe8, 0x98, 0x9e, 0x3d, 0xe8, 0x87, 0x5c, 0x3e, 0x46, 0xb9, 0x82, 0x3e, 0xa3, 0x7b, 0xba, 0xbe,
  0x6b, 0x12, 0xef, 0xbe, 0xfc, 0xbb, 0xf3, 0x3d, 0xb2, 0x6c, 0xe4, 0xbe, 0xa6, 0x4a, 0xef, 0xbd,
  0xfe, 0x54, 0xbe, 0x3c, 0xa2, 0x59, 0xb5, 0x3e, 0x3b, 0x44, 0x4b, 0xbd, 0xad, 0x80, 0x6f, 0x3d,
  0xfb, 0x5d, 0x43, 0xba, 0xe6, 0xe2, 0x74, 0x3d, 0xa6, 0x16, 0x0b, 0xbc, 0xfe, 0x10, 0xbc, 0xbe,
  0x47, 0x0d, 0xed, 0xbd, 0x20, 0x22, 0xa5, 0x3d, 0xd2, 0xd2, 0x29, 0x3c, 0x44, 0x01, 0x66, 0xbe,
  0x33, 0x49, 0x68, 0x3e, 0x52, 0x85, 0x83, 0xbd, 0x20, 0x2e, 0x09, 0x3e, 0xe2, 0xf3, 0xb3, 0xbd,
  0xd8, 0x9c, 0x6c, 0x3e, 0xeb, 0x72, 0x94, 0xbc, 0x10, 0x01, 0x0a, 0xbe, 0xee, 0x77, 0x2a, 0xbe,
  0x69, 0x19, 0xbb, 0xbc, 0x91, 0xe4, 0x18, 0xbe, 0x32, 0x09, 0x96, 0xbd, 0x38, 0xfd, 0xbf, 0xbe,
  0x62, 0x8a, 0x75, 0xbe, 0xb9, 0x92, 0xca, 0xbe, 0x92, 0x4e, 0xea, 0x3e, 0xd5, 0x9e, 0x19, 0x3e,
  0x55, 0x5f, 0x32, 0xbe, 0x8f, 0xf6, 0x9b, 0xbe, 0xc8, 0xce, 0x90, 0x3e, 0x39, 0xe2, 0x64, 0x3f,
  0x2a, 0xea, 0xbc, 0xbe, 0x9e, 0x2e, 0x9d, 0x3e, 0xfd, 0x10, 0x83, 0x3e, 0xc0, 0x1a, 0x09, 0xbe,
  0x3d, 0xd0, 0xa9, 0xbe, 0x1f, 0x40, 0x37, 0xbe, 0x0b, 0x62, 0x90, 0xbe, 0xd0, 0x6a, 0xe2, 0x3e,
  0x2b, 0x64, 0xe6, 0x3b, 0x00, 0x50, 0x9c, 0xbe, 0xdf, 0xc4, 0x76, 0xbe, 0x43, 0xcc, 0x3d, 0x3f,
  0x74, 0x69, 0x96, 0xbe, 0xde, 0xea, 0xf4, 0xbd, 0x67, 0xbe, 0xa4, 0xbe, 0xb9, 0x07, 0xab, 0x3e,
  0xfa, 0x8f, 0x47, 0x3e, 0xbc, 0xf6, 0x51, 0xbd, 0xe9, 0x4b, 0xa8, 0x3e, 0x40, 0x5e, 0xaa, 0xbd,
  0x81, 0x96, 0x53, 0x3d, 0x33, 0xc4, 0x6b, 0xbd, 0xb9, 0x70, 0x3e, 0x3c, 0xb6, 0xba, 0xbf, 0x3d,
  0x5a, 0xf0, 0x0d, 0x3e, 0xef, 0x0e, 0x1d, 0xbe, 0x8b, 0xae, 0x8b, 0xbe, 0x99, 0x14, 0x01, 0xbf,
  0x3c, 0x71, 0xb4, 0xbe, 0xb0, 0xec, 0x7a, 0x3e, 0x6f, 0xde, 0x84, 0x3d, 0xcb, 0x4b, 0x50, 0x3e,
  0xb3, 0xfd, 0x6e, 0xbd, 0x4c, 0x6f, 0xba, 0x3d, 0x90, 0xde, 0x1d, 0xbe, 0x6f, 0x19, 0x33, 0x3d,
  0xff, 0xd8, 0x1d, 0x3f, 0xef, 0x2c, 0x1e, 0xbd, 0x57, 0x8f, 0x08, 0x3f, 0xbc, 0x53, 0x40, 0xbe,
  0x9b, 0xdc, 0x26, 0xbe, 0x7f, 0x11, 0x01, 0xbc, 0x09, 0x13, 0xc8, 0xbe, 0xeb, 0x4b, 0x02, 0xbe,
  0x91, 0xd6, 0x8d, 0xbe, 0xeb, 0x76, 0x03, 0x3e, 0x96, 0xcf, 0x11, 0xbd, 0xb5, 0xdb, 0xfe, 0xbe,
  0x97, 0x12, 0x42, 0xbd, 0xa3, 0xb5, 0x5c, 0xbd, 0x9a, 0xb9, 0x6b, 0x3d, 0x26, 0xfa, 0xc5, 0xbd,
  0xd8, 0x0b, 0x8e, 0xbd, 0xf3, 0x43, 0x58, 0x3d, 0xde, 0x7d, 0x25, 0xbe, 0xb3, 0xc7, 0x63, 0x3e,
  0x15, 0x24, 0x11, 0x3b, 0x63, 0x1d, 0x51, 0xbe, 0xd1, 0x65, 0x50, 0x3e, 0x14, 0xf8, 0x69, 0xbe,
  0x75, 0xc6, 0xe9, 0x3d, 0xc0, 0x0f, 0x70, 0xbe, 0x09, 0x8a, 0xb5, 0x3e, 0xda, 0x51, 0xe8, 0xbe,
  0x0c, 0xb3, 0x1b, 0x3e, 0x19, 0x93, 0x61, 0xbd, 0x72, 0xa4, 0x38, 0xbe, 0x63, 0xfe, 0x23, 0x3d,
  0x58, 0x73, 0xf3, 0x3d, 0x3f, 0x0c, 0x74, 0x3e, 0xd5, 0x12, 0x14, 0xbe, 0x2c, 0x92, 0x85, 0x3d,
  0xa7, 0x83, 0x2d, 0xbe, 0xe8, 0xc6, 0x62, 0xbe, 0xa4, 0x74, 0x00, 0xbe, 0xc3, 0x48, 0xe3, 0xbe,
  0xc6, 0x60, 0xbc, 0xbe, 0x47, 0x96, 0x88, 0xbe, 0xa6, 0xa0, 0x42, 0xbe, 0x75, 0x37, 0x83, 0xbc,
  0xfa, 0xae, 0xad, 0x3e, 0xf0, 0xf5, 0xf3, 0xbb, 0xc6, 0x6a, 0xca, 0x3d, 0x5b, 0x2d, 0xa0, 0x3d,
  0xe3, 0xc5, 0x83, 0xbb, 0xc2, 0xc1, 0x25, 0xbe, 0xeb, 0xa4, 0x00, 0xbd, 0x72, 0x3d, 0x2d, 0x3e,
  0xf6, 0x02, 0x2b, 0x3e, 0x94, 0x7b, 0x37, 0x3e, 0x1d, 0x0f, 0x9e, 0xbd, 0x1b, 0xb9, 0x8f, 0xbe,
  0x19, 0x8e, 0x74, 0x3e, 0x6e, 0x14, 0xd6, 0xbd, 0x5c, 0xc3, 0xbe, 0x3e, 0xc9, 0xdb, 0x4a, 0xbd,
  0x0a, 0x6f, 0x16, 0x3b, 0xf7, 0x44, 0x74, 0xbe, 0x56, 0xa5, 0x92, 0xbe, 0xeb, 0x6a, 0x49, 0xbe,
  0x97, 0xfd, 0x41, 0xbe, 0xd7, 0xb9, 0x21, 0xbe, 0xc0, 0xc8, 0xd3, 0x3e, 0xe2, 0xfb, 0x6a, 0x3e,
  0xa6, 0x2c, 0xb5, 0xbd, 0x4e, 0x0e, 0x87, 0xbe, 0x24, 0x41, 0x0f, 0x3e, 0xf7, 0x56, 0x18, 0x3f,
  0xca, 0x74, 0x78, 0x3c, 0xdd, 0x45, 0x90, 0xbe, 0x8f, 0x8d, 0xa2, 0x3e, 0x4e, 0xa4, 0x0c, 0xbe,
  0xc3, 0xaa, 0x42, 0x3e, 0xd7, 0x45, 0x00, 0x3e, 0x24, 0x44, 0x1a, 0x3e, 0x47, 0x98, 0xdd, 0xbd,
  0x31, 0xdb, 0x84, 0xbe, 0x78, 0x51, 0x8e, 0xbd, 0x9d, 0x67, 0x5e, 0x3e, 0x88, 0xee, 0x2e, 0x3e,
  0xb2, 0x5d, 0x2e, 0x3e, 0xf6, 0xd1, 0x16, 0xbe, 0x48, 0xc0, 0xb8, 0x3e, 0x66, 0xc9, 0xfb, 0x3d,
  0xac, 0x97, 0xa1, 0xbd, 0x97, 0x98, 0x86, 0xbe, 0x48, 0x29, 0x55, 0x3e, 0xcb, 0x77, 0x6f, 0x3e,
  0x5d, 0x40, 0x7b, 0xbd, 0x58, 0xa3, 0xfa, 0xbd, 0xee, 0xe2, 0xbc, 0x3d, 0x94, 0x79, 0x37, 0x3c,
  0xf8, 0xf0, 0x3a, 0xbe, 0x7f, 0x9b, 0x4f, 0x3e, 0xdd, 0xb9, 0x46, 0xbd, 0xa6, 0xe2, 0xce, 0x3e,
  0x2b, 0xb3, 0x83, 0x3e, 0x17, 0x29, 0xb3, 0xba, 0x36, 0x9b, 0xe3, 0xbe, 0x54, 0x1f, 0xf1, 0x3e,
  0x94, 0x11, 0xb9, 0xbe, 0xaf, 0x7f, 0x90, 0x3c, 0x4d, 0xd8, 0x8c, 0xbe, 0xb2, 0x54, 0xb6, 0x3c,
  0x41, 0x1b, 0x5f, 0xbe, 0x13, 0x88, 0x56, 0xbe, 0xd6, 0xa3, 0x46, 0xbd, 0x70, 0x90, 0x3f, 0xbd,
  0x02, 0x81, 0x9c, 0xbe, 0xe3, 0x1e, 0xb8, 0x3d, 0x9f, 0x14, 0xdd, 0x3c, 0x92, 0x00, 0x3d, 0xbd,
  0x3f, 0xa0, 0xe6, 0xbc, 0x36, 0x08, 0x6c, 0xbb, 0xab, 0x91, 0xe3, 0x3d, 0x67, 0x76, 0x05, 0xbe,
  0x7c, 0x71, 0x8d, 0x3e, 0x91, 0x63, 0xb8, 0xbc, 0xdc, 0xb8, 0xb1, 0xbd, 0x4d, 0xc3, 0x89, 0x3e,
  0x45, 0x30, 0xd2, 0x3d, 0x7a, 0x41, 0x06, 0x3c, 0xd7, 0x6e, 0x6a, 0x3e, 0x4e, 0xfa, 0x50, 0x3e,
  0x18, 0x1a, 0x47, 0x3e, 0x25, 0x3d, 0x3e, 0x3d, 0x9e, 0xd6, 0x05, 0x3f, 0x31, 0x35, 0xe3, 0xbe,
  0xce, 0x45, 0xa5, 0x3e, 0x36, 0x7e, 0xab, 0x3d, 0x2e, 0x3f, 0x7c, 0x3e, 0x3d, 0x86, 0x8a, 0x3c,
  0x1a, 0xb5, 0xd3, 0xbe, 0x5e, 0x0d, 0x92, 0xbd, 0x70, 0xba, 0xcc, 0x3d, 0x5d, 0x98, 0xb7, 0xbc,
  0xa1, 0x08, 0x55, 0xbf, 0x2d, 0x4c, 0xd2, 0xbd, 0x92, 0x75, 0x8a, 0xbe, 0x9c, 0x27, 0x22, 0x3e,
  0xbe, 0xd6, 0x88, 0xbd, 0xd9, 0x14, 0x3b, 0xbe, 0x0f, 0x41, 0xfd, 0xbe, 0x1e, 0x74, 0x7f, 0xbc,
  0x28, 0x72, 0x00, 0x3e, 0x80, 0xf0, 0x17, 0x3d, 0x4f, 0x00, 0xf0, 0x3d, 0x71, 0x4b, 0x83, 0xbe,
  0x19, 0xcc, 0x8d, 0x3e, 0x10, 0xc7, 0xfe, 0x3e, 0x20, 0x85, 0x23, 0xbd, 0x9b, 0xee, 0x9c, 0x3e,
  0x2c, 0xf2, 0xae, 0x3e, 0xfb, 0xfa, 0x0a, 0xbd, 0x9c, 0x42, 0x30, 0x3e, 0xf9, 0x7b, 0x6d, 0xbd,
  0x6e, 0x55, 0x61, 0xbe, 0x42, 0x9e, 0x57, 0xbe, 0x95, 0x6a, 0xa8, 0xbe, 0x15, 0x5c, 0x93, 0xbd,
  0x6e, 0x28, 0xf8, 0x3e, 0xc1, 0x1d, 0x09, 0x3e, 0x34, 0xf5, 0x19, 0xbe, 0xa9, 0x9a, 0x69, 0x3f,
  0x72, 0xe7, 0x85, 0xbd, 0xde, 0x25, 0xfd, 0x3d, 0x9d, 0xe1, 0x89, 0xbe, 0xe1, 0x3a, 0x0d, 0x3e,
  0x36, 0x48, 0x21, 0xbf, 0xfd, 0x1c, 0x69, 0xbd, 0xc3, 0x21, 0x88, 0x3e, 0xc5, 0x3d, 0xa4, 0x3d,
  0x78, 0xc4, 0x33, 0xbe, 0xa5, 0xa1, 0x7f, 0x3d, 0x81, 0xe8, 0x2a, 0x3d, 0x0c, 0xe3, 0x91, 0x3e,
  0xcb, 0x02, 0xb4, 0xba, 0xae, 0x4d, 0x33, 0xbe, 0x51, 0x44, 0x62, 0xbe, 0xe3, 0x81, 0x9e, 0x3d,
  0x3e, 0x3e, 0xef, 0xbc, 0xa0, 0x21, 0x37, 0x3e, 0x2a, 0x8e, 0xfc, 0xbd, 0x30, 0xc6, 0x19, 0xbf,
  0x4d, 0x79, 0x8d, 0x3e, 0xdb, 0xb2, 0xe6, 0xbd, 0xca, 0x7f, 0xa0, 0x3e, 0xb7, 0x1b, 0xdf, 0xbe,
  0xcd, 0x9a, 0x84, 0xbe, 0xb5, 0x7d, 0x03, 0xbe, 0x09, 0x1f, 0x08, 0x3c, 0x84, 0xa0, 0x25, 0x3d,
  0x5e, 0x12, 0x6d, 0xbd, 0xb1, 0x6f, 0x33, 0x3c, 0xec, 0x53, 0xbf, 0xbc, 0xd3, 0x2d, 0x3a, 0x3e,
  0xe9, 0xca, 0x5b, 0x3e, 0xea, 0xc0, 0x63, 0xbe, 0x44, 0x67, 0x84, 0x3e, 0xf8, 0x91, 0x44, 0x3e,
  0x62, 0xa5, 0x97, 0xbe, 0x27, 0xa2, 0xd6, 0xbd, 0xb2, 0xda, 0xdf, 0xbe, 0xe9, 0x1d, 0x80, 0xbd,
  0x18, 0x3e, 0x7e, 0x3e, 0xd7, 0xd1, 0x07, 0xbe, 0x0d, 0x59, 0x51, 0x3e, 0x09, 0x7b, 0xa8, 0xbd,
  0x69, 0x14, 0xc1, 0x3d, 0xbf, 0xaa, 0xeb, 0x3e, 0x56, 0xde, 0x41, 0xbe, 0x86, 0x30, 0xc1, 0x3e,
  0x0d, 0x9f, 0xa1, 0x3e, 0x23, 0xae, 0x26, 0x3f, 0x25, 0x9e, 0x3b, 0xbd, 0xef, 0x6c, 0x9a, 0xbe,
  0x34, 0xf3, 0x2e, 0xbd, 0x2c, 0x7d, 0xc6, 0xbd, 0x98, 0x88, 0x9d, 0x3d, 0xd3, 0xd5, 0xb6, 0x3d,
  0x1a, 0x56, 0x10, 0x3e, 0x48, 0xe0, 0x09, 0xbf, 0x28, 0x4e, 0x35, 0x3e, 0x80, 0x3c, 0xb2, 0xbe,
  0xc3, 0xbf, 0x9e, 0x3d, 0xff, 0xc2, 0x2f, 0xbe, 0x50, 0x00, 0xbc, 0x3d, 0xfd, 0x7c, 0x14, 0x3f,
  0x28, 0xb7, 0xbc, 0xbd, 0x17, 0xcd, 0x55, 0x3e, 0x7f, 0xac, 0x46, 0xbe, 0x18, 0x5b, 0x8f, 0x3e,
  0x32, 0xe6, 0xa1, 0xbe, 0x8d, 0x92, 0x9a, 0x3e, 0xd5, 0xe7, 0x8c, 0x3e, 0xed, 0x35, 0xb7, 0xbe,
  0x7a, 0xa2, 0x06, 0xbe, 0x0e, 0x78, 0x87, 0x3e, 0xd6, 0x1f, 0x7c, 0xbe, 0x3e, 0xa6, 0x4d, 0x3e,
  0xa3, 0x87, 0xb0, 0xba, 0x83, 0x02, 0xfd, 0xbd, 0x8d, 0x6c, 0xe2, 0x3e, 0xd8, 0x9b, 0x04, 0x3e,
  0x0b, 0xd0, 0x33, 0x3e, 0x9b, 0xe1, 0x1a, 0xbe, 0x67, 0x1d, 0x0e, 0x3e, 0x7c, 0xc3, 0x4c, 0x3e,
  0x6f, 0x41, 0xdc, 0x3d, 0xad, 0x39, 0xb0, 0x3d, 0x55, 0x76, 0xbb, 0xbd, 0xf9, 0xdc, 0x5c, 0x3e,
  0xe1, 0xc4, 0x29, 0xbe, 0x74, 0x8b, 0xcc, 0xbe, 0xb0, 0xee, 0x6f, 0xbe, 0xc3, 0xa8, 0x84, 0x3d,
  0x72, 0xb4, 0x68, 0xbd, 0xdf, 0x20, 0x3d, 0xbd, 0x78, 0x3d, 0x93, 0xbd, 0x55, 0x6e, 0x9e, 0x3e,
  0x38, 0xf6, 0x6b, 0x3d, 0xeb, 0xb2, 0x12, 0x3e, 0x93, 0x47, 0x55, 0x3e, 0x63, 0xe7, 0x83, 0xbe,
  0x61, 0x15, 0x64, 0x3e, 0x9e, 0x43, 0x30, 0xbe, 0xae, 0xbd, 0x6d, 0x3e, 0xaa, 0x85, 0x30, 0x3d,
  0x29, 0x35, 0x9c, 0x3e, 0x26, 0xa0, 0x72, 0x3d, 0x30, 0x02, 0x4d, 0x3d, 0x62, 0xf5, 0xf2, 0x3d,
  0x9e, 0x2a, 0x26, 0x3f, 0x6b, 0x67, 0x95, 0x3e, 0xf2, 0xa5, 0x6d, 0xbd, 0x7d, 0x7f, 0xce, 0xbe,
  0xa9, 0xd2, 0x91, 0xbc, 0xc7, 0x8a, 0x09, 0x3f, 0xe3, 0x13, 0x90, 0xbe, 0xd9, 0xed, 0xbb, 0x3e,
  0xe2, 0x5a, 0x40, 0xbe, 0xe2, 0x52, 0xae, 0xbe, 0x78, 0x8f, 0xac, 0xbe, 0xec, 0xea, 0x0c, 0x3e,
  0x9e, 0x42, 0xa6, 0xbe, 0x6c, 0x88, 0x9b, 0xbe, 0x5a, 0xf3, 0x8e, 0xbe, 0xa5, 0xc8, 0x25, 0x3e,
  0x55, 0x88, 0x81, 0xbe, 0xc4, 0x1f, 0x5c, 0xbd, 0x5d, 0x76, 0x25, 0x3f, 0x4d, 0x12, 0x0b, 0xbe,
  0x85, 0xb5, 0xaa, 0xbc, 0xbb, 0xe7, 0xc1, 0xbc, 0x75, 0x0d, 0xa5, 0x3d, 0x4a, 0xf3, 0xd6, 0x3e,
  0xe5, 0xe4, 0x94, 0x3e, 0x26, 0x18, 0xb1, 0x3e, 0xa5, 0x9a, 0xb0, 0xbd, 0xa3, 0x2f, 0x6b, 0x3e,
  0xe4, 0xcd, 0x47, 0xbe, 0xb9, 0xb5, 0x22, 0xbd, 0x0a, 0x29, 0x94, 0xbd, 0xff, 0xc0, 0xd1, 0xbe,
  0x67, 0x0f, 0xc2, 0x3a, 0x48, 0xec, 0x53, 0xbd, 0x7f, 0xc2, 0xe4, 0x3d, 0x6e, 0x28, 0xdc, 0xbd,
  0x60, 0x77, 0x4e, 0x3e, 0x9c, 0x28, 0x77, 0x3e, 0x14, 0xe7, 0x2a, 0x3e, 0x4c, 0xcd, 0xe8, 0xbd,
  0xe9, 0xf7, 0x49, 0x3e, 0x69, 0xcf, 0x5f, 0xbe, 0x8f, 0x2a, 0x1f, 0xbe, 0x1d, 0x12, 0x1b, 0x3e,
  0xf0, 0x83, 0x26, 0xbe, 0xfd, 0x98, 0x89, 0xbd, 0x94, 0x97, 0x1b, 0x3e, 0xae, 0x86, 0xa3, 0xbe,
  0xb3, 0x07, 0xc7, 0x3d, 0x95, 0x9a, 0xd7, 0xbe, 0xa4, 0x6e, 0x02, 0x3f, 0x7e, 0xb5, 0x44, 0xbe,
  0xdc, 0x51, 0x31, 0x3e, 0xee, 0xd3, 0xec, 0x3d, 0x75, 0xab, 0x9a, 0x3e, 0xd2, 0xa0, 0x27, 0x3f,
  0xa4, 0xa4, 0x1f, 0xbe, 0x86, 0x6e, 0xc6, 0x3e, 0x8e, 0xa3, 0x2a, 0xbe, 0x9b, 0xf9, 0xb4, 0xbe,
  0x33, 0x4f, 0x06, 0x3f, 0x5b, 0xf0, 0xa6, 0x3e, 0xae, 0xf6, 0x03, 0xbf, 0x13, 0xf4, 0x37, 0xbe,
  0xb3, 0xab, 0x89, 0x3d, 0xd1, 0x52, 0x49, 0xbe, 0x3f, 0x69, 0x44, 0x3e, 0x68, 0x50, 0x13, 0xbf,
  0x26, 0xa7, 0xb0, 0xbe, 0x81, 0x4d, 0x8e, 0xbd, 0x95, 0xd1, 0x6e, 0xbe, 0x63, 0xe8, 0xb7, 0xbe,
  0x2c, 0xec, 0x07, 0xbe, 0x17, 0xe0, 0x97, 0x3e, 0x8b, 0xe6, 0xd9, 0x3e, 0x9e, 0x9d, 0xb1, 0xbc,
  0x1e, 0xe6, 0x0c, 0xbe, 0xd1, 0x45, 0xee, 0xbd, 0x4a, 0xd7, 0xef, 0x3d, 0xc7, 0x96, 0xa5, 0xbd,
  0x4a, 0x46, 0xb0, 0x3e, 0x42, 0xdb, 0xe9, 0xbc, 0x68, 0x3f, 0x4f, 0x3e, 0x35, 0xa7, 0x35, 0xbe,
  0xb4, 0xe0, 0xf5, 0x3d, 0xf6, 0x30, 0x7e, 0xbd, 0x24, 0x27, 0x1f, 0x3e, 0x97, 0x76, 0xdc, 0x3e,
  0xef, 0x91, 0x19, 0xbe, 0x5a, 0xc2, 0x85, 0xbe, 0x19, 0x39, 0xdd, 0xbb, 0x34, 0x62, 0x31, 0xbe,
  0x68, 0x52, 0x8f, 0xbe, 0x28, 0xe5, 0x3f, 0xbe, 0x46, 0x80, 0x14, 0xbf, 0x8f, 0x58, 0x0b, 0xbe,
  0xe4, 0x04, 0xe0, 0x3e, 0xa5, 0x34, 0x48, 0xbe, 0x4a, 0xc2, 0x36, 0x3e, 0x93, 0x12, 0xe0, 0x3e,
  0x30, 0x4d, 0x75, 0x3e, 0x97, 0x73, 0x7c, 0x3e, 0x87, 0x9f, 0x41, 0x3e, 0xf4, 0x8b, 0xb3, 0x3e,
  0x2e, 0x6c, 0x1d, 0xbe, 0x8d, 0x58, 0x89, 0xbe, 0x10, 0x4e, 0x21, 0xbf, 0x5f, 0xfa, 0xb6, 0x3d,
  0x44, 0x59, 0x78, 0x3e, 0xeb, 0x32, 0xcf, 0xbe, 0x89, 0xee, 0x31, 0x3d, 0x98, 0x8a, 0x26, 0xbd,
  0xad, 0x6b, 0x7e, 0x3d, 0xa5, 0x10, 0x00, 0xbe, 0x08, 0xe0, 0x98, 0x3e, 0x17, 0x0a, 0x69, 0xbe,
  0xe4, 0xa9, 0xda, 0x3e, 0xed, 0x52, 0x89, 0x3e, 0x09, 0x91, 0x8c, 0x3e, 0x2a, 0x15, 0xb7, 0xbd,
  0x61, 0x0b, 0xf2, 0xbd, 0xb0, 0x10, 0xb8, 0x3d, 0x2e, 0xb1, 0xb9, 0xbd, 0x46, 0x22, 0xa3, 0xbd,
  0x87, 0x5d, 0x9f, 0x3d, 0xde, 0x39, 0x24, 0xbe, 0xaa, 0xf4, 0x16, 0xbf, 0x59, 0x83, 0x02, 0x3e,
  0xca, 0x80, 0x7f, 0xba, 0xc7, 0x69, 0x8d, 0xbd, 0xca, 0xf4, 0xa8, 0x3d, 0x2b, 0x76, 0xea, 0x3d,
  0xc2, 0x15, 0xfb, 0x3c, 0xd7, 0xc2, 0xe0, 0x3d, 0xce, 0xac, 0x85, 0x3e, 0xc6, 0x3a, 0x4d, 0xbd,
  0x0e, 0x35, 0x82, 0x3e, 0xf1, 0xcb, 0x04, 0x3d, 0x50, 0xcd, 0xff, 0xff, 0x54, 0xcd, 0xff, 0xff,
  0x0f, 0x00, 0x00, 0x00, 0x4d, 0x4c, 0x49, 0x52, 0x20, 0x43, 0x6f, 0x6e, 0x76, 0x65, 0x72, 0x74,
  0x65, 0x64, 0x2e, 0x00, 0x01, 0x00, 0x00, 0x00, 0x14, 0x00, 0x00, 0x00, 0x00, 0x00, 0x0e, 0x00,
  0x18, 0x00, 0x14, 0x00, 0x10, 0x00, 0x0c, 0x00, 0x08, 0x00, 0x04, 0x00, 0x0e, 0x00, 0x00, 0x00,
  0x14, 0x00, 0x00, 0x00, 0x1c, 0x00, 0x00, 0x00, 0x60, 0x14, 0x00, 0x00, 0x64, 0x14, 0x00, 0x00,
  0x68, 0x14, 0x00, 0x00, 0x04, 0x00, 0x00, 0x00, 0x6d, 0x61, 0x69, 0x6e, 0x00, 0x00, 0x00, 0x00,
  0x5c, 0x00, 0x00, 0x00, 0x14, 0x14, 0x00, 0x00, 0xd0, 0x13, 0x00, 0x00, 0x8c, 0x13, 0x00, 0x00,
  0x44, 0x13, 0x00, 0x00, 0x18, 0x13, 0x00, 0x00, 0xe0, 0x12, 0x00, 0x00, 0xac, 0x12, 0x00, 0x00,
  0x78, 0x12, 0x00, 0x00, 0x44, 0x12, 0x00, 0x00, 0x18, 0x12, 0x00, 0x00, 0xc0, 0x11, 0x00, 0x00,
  0x8c, 0x11, 0x00, 0x00, 0x58, 0x11, 0x00, 0x00, 0x10, 0x11, 0x00, 0x00, 0xdc, 0x10, 0x00, 0x00,
  0xa8, 0x10, 0x00, 0x00, 0x60, 0x10, 0x00, 0x00, 0x2c, 0x10, 0x00, 0x00, 0xf8, 0x0f, 0x00, 0x00,
  0xb0, 0x0f, 0x00, 0x00, 0x7c, 0x0f, 0x00, 0x00, 0x48, 0x0f, 0x00, 0x00, 0x00, 0x0f, 0x00, 0x00,
  0xcc, 0x0e, 0x00, 0x00, 0x98, 0x0e, 0x00, 0x00, 0x50, 0x0e, 0x00, 0x00, 0x1c, 0x0e, 0x00, 0x00,
  0xe8, 0x0d, 0x00, 0x00, 0xa0, 0x0d, 0x00, 0x00, 0x6c, 0x0d, 0x00, 0x00, 0x38, 0x0d, 0x00, 0x00,
  0xf0, 0x0c, 0x00, 0x00, 0xbc, 0x0c, 0x00, 0x00, 0x88, 0x0c, 0x00, 0x00, 0x2c, 0x0c, 0x00, 0x00,
  0x00, 0x0c, 0x00, 0x00, 0xd4, 0x0b, 0x00, 0x00, 0xa0, 0x0b, 0x00, 0x00, 0x6c, 0x0b, 0x00, 0x00,
  0x38, 0x0b, 0x00, 0x00, 0x0c, 0x0b, 0x00, 0x00, 0xc4, 0x0a, 0x00, 0x00, 0x90, 0x0a, 0x00, 0x00,
  0x5c, 0x0a, 0x00, 0x00, 0x14, 0x0a, 0x00, 0x00, 0xe0, 0x09, 0x00, 0x00, 0xac, 0x09, 0x00, 0x00,
  0x64, 0x09, 0x00, 0x00, 0x30, 0x09, 0x00, 0x00, 0xfc, 0x08, 0x00, 0x00, 0xb4, 0x08, 0x00, 0x00,
  0x80, 0x08, 0x00, 0x00, 0x4c, 0x08, 0x00, 0x00, 0x04, 0x08, 0x00, 0x00, 0xd0, 0x07, 0x00, 0x00,
  0x9c, 0x07, 0x00, 0x00, 0x54, 0x07, 0x00, 0x00, 0x20, 0x07, 0x00, 0x00, 0xec, 0x06, 0x00, 0x00,
  0xa4, 0x06, 0x00, 0x00, 0x70, 0x06, 0x00, 0x00, 0x3c, 0x06, 0x00, 0x00, 0xf4, 0x05, 0x00, 0x00,
  0xc0, 0x05, 0x00, 0x00, 0x8c, 0x05, 0x00, 0x00, 0x38, 0x05, 0x00, 0x00, 0x00, 0x05, 0x00, 0x00,
  0xcc, 0x04, 0x00, 0x00, 0x98, 0x04, 0x00, 0x00, 0x58, 0x04, 0x00, 0x00, 0x30, 0x04, 0x00, 0x00,
  0xf8, 0x03, 0x00, 0x00, 0xc4, 0x03, 0x00, 0x00, 0xa0, 0x03, 0x00, 0x00, 0x6c, 0x03, 0x00, 0x00,
  0x38, 0x03, 0x00, 0x00, 0x04, 0x03, 0x00, 0x00, 0xd0, 0x02, 0x00, 0x00, 0x98, 0x02, 0x00, 0x00,
  0x64, 0x02, 0x00, 0x00, 0x30, 0x02, 0x00, 0x00, 0xf8, 0x01, 0x00, 0x00, 0xd0, 0x01, 0x00, 0x00,
  0x98, 0x01, 0x00, 0x00, 0x64, 0x01, 0x00, 0x00, 0x40, 0x01, 0x00, 0x00, 0x0c, 0x01, 0x00, 0x00,
  0xd8, 0x00, 0x00, 0x00, 0xa4, 0x00, 0x00, 0x00, 0x70, 0x00, 0x00, 0x00, 0x38, 0x00, 0x00, 0x00,
  0x04, 0x00, 0x00, 0x00, 0x6a, 0xed, 0xff, 0xff, 0x10, 0x00, 0x00, 0x00, 0x00, 0x00, 0x00, 0x08,
  0x0c, 0x00, 0x00, 0x00, 0x10, 0x00, 0x00, 0x00, 0x30, 0xcf, 0xff, 0xff, 0x01, 0x00, 0x00, 0x00,
  0x7e, 0x00, 0x00, 0x00, 0x03, 0x00, 0x00, 0x00, 0x7d, 0x00, 0x00, 0x00, 0x04, 0x00, 0x00, 0x00,
  0x0c, 0x00, 0x00, 0x00, 0xda, 0xed, 0xff, 0xff, 0x14, 0x00, 0x00, 0x00, 0x00, 0x00, 0x00, 0x1b,
  0x14, 0x00, 0x00, 0x00, 0x18, 0x00, 0x00, 0x00, 0x0a, 0x00, 0x00, 0x00, 0x32, 0xfc, 0xff, 0xff,
  0x00, 0x00, 0x00, 0x01, 0x01, 0x00, 0x00, 0x00, 0x7d, 0x00, 0x00, 0x00, 0x02, 0x00, 0x00, 0x00,
  0x7c, 0x00, 0x00, 0x00, 0x13, 0x00, 0x00, 0x00, 0x0e, 0xee, 0xff, 0xff, 0x14, 0x00, 0x00, 0x00,
  0x00, 0x00, 0x00, 0x0b, 0x10, 0x00, 0x00, 0x00, 0x14, 0x00, 0x00, 0x00, 0x01, 0x00, 0x00, 0x00,
  0x98, 0xcf, 0xff, 0xff, 0x01, 0x00, 0x00, 0x00, 0x7c, 0x00, 0x00, 0x00, 0x02, 0x00, 0x00, 0x00,
  0x7b, 0x00, 0x00, 0x00, 0x0b, 0x00, 0x00, 0x00, 0x3e, 0xee, 0xff, 0xff, 0x14, 0x00, 0x00, 0x00,
  0x00, 0x00, 0x00, 0x15, 0x10, 0x00, 0x00, 0x00, 0x14, 0x00, 0x00, 0x00, 0x04, 0x00, 0x00, 0x00,
  0xc8, 0xcf, 0xff, 0xff, 0x01, 0x00, 0x00, 0x00, 0x7b, 0x00, 0x00, 0x00, 0x02, 0x00, 0x00, 0x00,
  0x7a, 0x00, 0x00, 0x00, 0x0a, 0x00, 0x00, 0x00, 0x6e, 0xee, 0xff, 0xff, 0x14, 0x00, 0x00, 0x00,
  0x00, 0x00, 0x00, 0x15, 0x10, 0x00, 0x00, 0x00, 0x14, 0x00, 0x00, 0x00, 0x04, 0x00, 0x00, 0x00,
  0xf8, 0xcf, 0xff, 0xff, 0x01, 0x00, 0x00, 0x00, 0x7a, 0x00, 0x00, 0x00, 0x02, 0x00, 0x00, 0x00,
  0x79, 0x00, 0x00, 0x00, 0x78, 0x00, 0x00, 0x00, 0x9e, 0xee, 0xff, 0xff, 0x14, 0x00, 0x00, 0x00,
  0x00, 0x00, 0x00, 0x1c, 0x10, 0x00, 0x00, 0x00, 0x14, 0x00, 0x00, 0x00, 0x0d, 0x00, 0x00, 0x00,
  0x28, 0xd0, 0xff, 0xff, 0x01, 0x00, 0x00, 0x00, 0x79, 0x00, 0x00, 0x00, 0x02, 0x00, 0x00, 0x00,
  0x73, 0x00, 0x00, 0x00, 0x74, 0x00, 0x00, 0x00, 0x76, 0xef, 0xff, 0xff, 0x0c, 0x00, 0x00, 0x00,
  0x10, 0x00, 0x00, 0x00, 0x0c, 0x00, 0x00, 0x00, 0x01, 0x00, 0x00, 0x00, 0x78, 0x00, 0x00, 0x00,
  0x01, 0x00, 0x00, 0x00, 0x77, 0x00, 0x00, 0x00, 0xee, 0xee, 0xff, 0xff, 0x14, 0x00, 0x00, 0x00,
  0x00, 0x00, 0x00, 0x0b, 0x10, 0x00, 0x00, 0x00, 0x14, 0x00, 0x00, 0x00, 0x01, 0x00, 0x00, 0x00,
  0x78, 0xd0, 0xff, 0xff, 0x01, 0x00, 0x00, 0x00, 0x77, 0x00, 0x00, 0x00, 0x02, 0x00, 0x00, 0x00,
  0x76, 0x00, 0x00, 0x00, 0x18, 0x00, 0x00, 0x00, 0x1e, 0xef, 0xff, 0xff, 0x14, 0x00, 0x00, 0x00,
  0x00, 0x00, 0x00, 0x1b, 0x14, 0x00, 0x00, 0x00, 0x18, 0x00, 0x00, 0x00, 0x0a, 0x00, 0x00, 0x00,
  0x76, 0xfd, 0xff, 0xff, 0x00, 0x00, 0x00, 0x01, 0x01, 0x00, 0x00, 0x00, 0x76, 0x00, 0x00, 0x00,
  0x02, 0x00, 0x00, 0x00, 0x75, 0x00, 0x00, 0x00, 0x12, 0x00, 0x00, 0x00, 0xfa, 0xef, 0xff, 0xff,
  0x0c, 0x00, 0x00, 0x00, 0x10, 0x00, 0x00, 0x00, 0x0b, 0x00, 0x00, 0x00, 0x01, 0x00, 0x00, 0x00,
  0x75, 0x00, 0x00, 0x00, 0x02, 0x00, 0x00, 0x00, 0x73, 0x00, 0x00, 0x00, 0x74, 0x00, 0x00, 0x00,
  0x76, 0xef, 0xff, 0xff, 0x14, 0x00, 0x00, 0x00, 0x00, 0x00, 0x00, 0x1b, 0x14, 0x00, 0x00, 0x00,
  0x18, 0x00, 0x00, 0x00, 0x0a, 0x00, 0x00, 0x00, 0xce, 0xfd, 0xff, 0xff, 0x00, 0x00, 0x00, 0x01,
  0x01, 0x00, 0x00, 0x00, 0x74, 0x00, 0x00, 0x00, 0x02, 0x00, 0x00, 0x00, 0x73, 0x00, 0x00, 0x00,
  0x12, 0x00, 0x00, 0x00, 0xaa, 0xef, 0xff, 0xff, 0x14, 0x00, 0x00, 0x00, 0x00, 0x00, 0x00, 0x0b,
  0x10, 0x00, 0x00, 0x00, 0x14, 0x00, 0x00, 0x00, 0x01, 0x00, 0x00, 0x00, 0x34, 0xd1, 0xff, 0xff,
  0x01, 0x00, 0x00, 0x00, 0x73, 0x00, 0x00, 0x00, 0x02, 0x00, 0x00, 0x00, 0x70, 0x00, 0x00, 0x00,
  0x72, 0x00, 0x00, 0x00, 0x9a, 0xef, 0xff, 0xff, 0x10, 0x00, 0x00, 0x00, 0x00, 0x00, 0x00, 0x08,
  0x0c, 0x00, 0x00, 0x00, 0x10, 0x00, 0x00, 0x00, 0x60, 0xd1, 0xff, 0xff, 0x01, 0x00, 0x00, 0x00,
  0x72, 0x00, 0x00, 0x00, 0x03, 0x00, 0x00, 0x00, 0x71, 0x00, 0x00, 0x00, 0x05, 0x00, 0x00, 0x00,
  0x09, 0x00, 0x00, 0x00, 0xca, 0xef, 0xff, 0xff, 0x10, 0x00, 0x00, 0x00, 0x00, 0x00, 0x00, 0x08,
  0x10, 0x00, 0x00, 0x00, 0x14, 0x00, 0x00, 0x00, 0x5e, 0xfe, 0xff, 0xff, 0x00, 0x00, 0x00, 0x01,
  0x01, 0x00, 0x00, 0x00, 0x71, 0x00, 0x00, 0x00, 0x03, 0x00, 0x00, 0x00, 0x6e, 0x00, 0x00, 0x00,
  0x01, 0x00, 0x00, 0x00, 0x02, 0x00, 0x00, 0x00, 0x3e, 0xf0, 0xff, 0xff, 0x14, 0x00, 0x00, 0x00,
  0x00, 0x00, 0x00, 0x0b, 0x10, 0x00, 0x00, 0x00, 0x14, 0x00, 0x00, 0x00, 0x01, 0x00, 0x00, 0x00,
  0xc8, 0xd1, 0xff, 0xff, 0x01, 0x00, 0x00, 0x00, 0x70, 0x00, 0x00, 0x00, 0x02, 0x00, 0x00, 0x00,
  0x6f, 0x00, 0x00, 0x00, 0x11, 0x00, 0x00, 0x00, 0x6e, 0xf0, 0xff, 0xff, 0x14, 0x00, 0x00, 0x00,
  0x00, 0x00, 0x00, 0x15, 0x10, 0x00, 0x00, 0x00, 0x14, 0x00, 0x00, 0x00, 0x04, 0x00, 0x00, 0x00,
  0xf8, 0xd1, 0xff, 0xff, 0x01, 0x00, 0x00, 0x00, 0x6f, 0x00, 0x00, 0x00, 0x02, 0x00, 0x00, 0x00,
  0x6e, 0x00, 0x00, 0x00, 0x10, 0x00, 0x00, 0x00, 0x9e, 0xf0, 0xff, 0xff, 0x14, 0x00, 0x00, 0x00,
  0x00, 0x00, 0x00, 0x15, 0x10, 0x00, 0x00, 0x00, 0x14, 0x00, 0x00, 0x00, 0x04, 0x00, 0x00, 0x00,
  0x28, 0xd2, 0xff, 0xff, 0x01, 0x00, 0x00, 0x00, 0x6e, 0x00, 0x00, 0x00, 0x02, 0x00, 0x00, 0x00,
  0x6d, 0x00, 0x00, 0x00, 0x6c, 0x00, 0x00, 0x00, 0xce, 0xf0, 0xff, 0xff, 0x14, 0x00, 0x00, 0x00,
  0x00, 0x00, 0x00, 0x1c, 0x10, 0x00, 0x00, 0x00, 0x14, 0x00, 0x00, 0x00, 0x0d, 0x00, 0x00, 0x00,
  0x58, 0xd2, 0xff, 0xff, 0x01, 0x00, 0x00, 0x00, 0x6d, 0x00, 0x00, 0x00, 0x02, 0x00, 0x00, 0x00,
  0x67, 0x00, 0x00, 0x00, 0x68, 0x00, 0x00, 0x00, 0xa6, 0xf1, 0xff, 0xff, 0x0c, 0x00, 0x00, 0x00,
  0x10, 0x00, 0x00, 0x00, 0x0c, 0x00, 0x00, 0x00, 0x01, 0x00, 0x00, 0x00, 0x6c, 0x00, 0x00, 0x00,
  0x01, 0x00, 0x00, 0x00, 0x6b, 0x00, 0x00, 0x00, 0x1e, 0xf1, 0xff, 0xff, 0x14, 0x00, 0x00, 0x00,
  0x00, 0x00, 0x00, 0x0b, 0x10, 0x00, 0x00, 0x00, 0x14, 0x00, 0x00, 0x00, 0x01, 0x00, 0x00, 0x00,
  0xa8, 0xd2, 0xff, 0xff, 0x01, 0x00, 0x00, 0x00, 0x6b, 0x00, 0x00, 0x00, 0x02, 0x00, 0x00, 0x00,
  0x6a, 0x00, 0x00, 0x00, 0x18, 0x00, 0x00, 0x00, 0x4e, 0xf1, 0xff, 0xff, 0x14, 0x00, 0x00, 0x00,
  0x00, 0x00, 0x00, 0x1b, 0x14, 0x00, 0x00, 0x00, 0x18, 0x00, 0x00, 0x00, 0x0a, 0x00, 0x00, 0x00,
  0xa6, 0xff, 0xff, 0xff, 0x00, 0x00, 0x00, 0x01, 0x01, 0x00, 0x00, 0x00, 0x6a, 0x00, 0x00, 0x00,
  0x02, 0x00, 0x00, 0x00, 0x69, 0x00, 0x00, 0x00, 0x12, 0x00, 0x00, 0x00, 0x2a, 0xf2, 0xff, 0xff,
  0x0c, 0x00, 0x00, 0x00, 0x10, 0x00, 0x00, 0x00, 0x0b, 0x00, 0x00, 0x00, 0x01, 0x00, 0x00, 0x00,
  0x69, 0x00, 0x00, 0x00, 0x02, 0x00, 0x00, 0x00, 0x67, 0x00, 0x00, 0x00, 0x68, 0x00, 0x00, 0x00,
  0xa6, 0xf1, 0xff, 0xff, 0x1c, 0x00, 0x00, 0x00, 0x00, 0x00, 0x00, 0x1b, 0x1c, 0x00, 0x00, 0x00,
  0x20, 0x00, 0x00, 0x00, 0x0a, 0x00, 0x00, 0x00, 0x00, 0x00, 0x06, 0x00, 0x08, 0x00, 0x07, 0x00,
  0x06, 0x00, 0x00, 0x00, 0x00, 0x00, 0x00, 0x01, 0x01, 0x00, 0x00, 0x00, 0x68, 0x00, 0x00, 0x00,
  0x02, 0x00, 0x00, 0x00, 0x67, 0x00, 0x00, 0x00, 0x12, 0x00, 0x00, 0x00, 0xe2, 0xf1, 0xff, 0xff,
  0x14, 0x00, 0x00, 0x00, 0x00, 0x00, 0x00, 0x0b, 0x10, 0x00, 0x00, 0x00, 0x14, 0x00, 0x00, 0x00,
  0x01, 0x00, 0x00, 0x00, 0x6c, 0xd3, 0xff, 0xff, 0x01, 0x00, 0x00, 0x00, 0x67, 0x00, 0x00, 0x00,
  0x02, 0x00, 0x00, 0x00, 0x22, 0x00, 0x00, 0x00, 0x66, 0x00, 0x00, 0x00, 0xd2, 0xf1, 0xff, 0xff,
  0x10, 0x00, 0x00, 0x00, 0x00, 0x00, 0x00, 0x08, 0x0c, 0x00, 0x00, 0x00, 0x10, 0x00, 0x00, 0x00,
  0x98, 0xd3, 0xff, 0xff, 0x01, 0x00, 0x00, 0x00, 0x66, 0x00, 0x00, 0x00, 0x03, 0x00, 0x00, 0x00,
  0x65, 0x00, 0x00, 0x00, 0x06, 0x00, 0x00, 0x00, 0x0f, 0x00, 0x00, 0x00, 0x42, 0xf2, 0xff, 0xff,
  0x14, 0x00, 0x00, 0x00, 0x00, 0x00, 0x00, 0x0a, 0x14, 0x00, 0x00, 0x00, 0x18, 0x00, 0x00, 0x00,
  0x09, 0x00, 0x00, 0x00, 0xb6, 0xf2, 0xff, 0xff, 0xff, 0xff, 0xff, 0xff, 0x01, 0x00, 0x00, 0x00,
  0x65, 0x00, 0x00, 0x00, 0x02, 0x00, 0x00, 0x00, 0x45, 0x00, 0x00, 0x00, 0x64, 0x00, 0x00, 0x00,
  0x76, 0xf2, 0xff, 0xff, 0x14, 0x00, 0x00, 0x00, 0x00, 0x00, 0x00, 0x3b, 0x18, 0x00, 0x00, 0x00,
  0x1c, 0x00, 0x00, 0x00, 0x08, 0x00, 0x00, 0x00, 0x88, 0xf9, 0xff, 0xff, 0x01, 0x00, 0x00, 0x00,
  0x08, 0x00, 0x00, 0x00, 0x01, 0x00, 0x00, 0x00, 0x64, 0x00, 0x00, 0x00, 0x08, 0x00, 0x00, 0x00,
  0x60, 0x00, 0x00, 0x00, 0x63, 0x00, 0x00, 0x00, 0x4e, 0x00, 0x00, 0x00, 0x51, 0x00, 0x00, 0x00,
  0x54, 0x00, 0x00, 0x00, 0x57, 0x00, 0x00, 0x00, 0x5a, 0x00, 0x00, 0x00, 0x5d, 0x00, 0x00, 0x00,
  0xc6, 0xf2, 0xff, 0xff, 0x14, 0x00, 0x00, 0x00, 0x00, 0x00, 0x00, 0x1b, 0x10, 0x00, 0x00, 0x00,
  0x14, 0x00, 0x00, 0x00, 0x07, 0x00, 0x00, 0x00, 0x50, 0xd4, 0xff, 0xff, 0x01, 0x00, 0x00, 0x00,
  0x63, 0x00, 0x00, 0x00, 0x02, 0x00, 0x00, 0x00, 0x62, 0x00, 0x00, 0x00, 0x17, 0x00, 0x00, 0x00,
  0xf6, 0xf2, 0xff, 0xff, 0x14, 0x00, 0x00, 0x00, 0x00, 0x00, 0x00, 0x15, 0x10, 0x00, 0x00, 0x00,
  0x14, 0x00, 0x00, 0x00, 0x04, 0x00, 0x00, 0x00, 0x80, 0xd4, 0xff, 0xff, 0x01, 0x00, 0x00, 0x00,
  0x62, 0x00, 0x00, 0x00, 0x02, 0x00, 0x00, 0x00, 0x4a, 0x00, 0x00, 0x00, 0x61, 0x00, 0x00, 0x00,
  0x26, 0xf3, 0xff, 0xff, 0x14, 0x00, 0x00, 0x00, 0x00, 0x00, 0x00, 0x20, 0x1c, 0x00, 0x00, 0x00,
  0x20, 0x00, 0x00, 0x00, 0x06, 0x00, 0x00, 0x00, 0x02, 0xf5, 0xff, 0xff, 0x02, 0x00, 0x00, 0x00,
  0x01, 0x00, 0x00, 0x00, 0x01, 0x00, 0x00, 0x00, 0x01, 0x00, 0x00, 0x00, 0x61, 0x00, 0x00, 0x00,
  0x04, 0x00, 0x00, 0x00, 0x4b, 0x00, 0x00, 0x00, 0x19, 0x00, 0x00, 0x00, 0x1b, 0x00, 0x00, 0x00,
  0x1a, 0x00, 0x00, 0x00, 0x6a, 0xf3, 0xff, 0xff, 0x14, 0x00, 0x00, 0x00, 0x00, 0x00, 0x00, 0x1b,
  0x10, 0x00, 0x00, 0x00, 0x14, 0x00, 0x00, 0x00, 0x07, 0x00, 0x00, 0x00, 0xf4, 0xd4, 0xff, 0xff,
  0x01, 0x00, 0x00, 0x00, 0x60, 0x00, 0x00, 0x00, 0x02, 0x00, 0x00, 0x00, 0x5f, 0x00, 0x00, 0x00,
  0x17, 0x00, 0x00, 0x00, 0x9a, 0xf3, 0xff, 0xff, 0x14, 0x00, 0x00, 0x00, 0x00, 0x00, 0x00, 0x15,
  0x10, 0x00, 0x00, 0x00, 0x14, 0x00, 0x00, 0x00, 0x04, 0x00, 0x00, 0x00, 0x24, 0xd5, 0xff, 0xff,
  0x01, 0x00, 0x00, 0x00, 0x5f, 0x00, 0x00, 0x00, 0x02, 0x00, 0x00, 0x00, 0x4a, 0x00, 0x00, 0x00,
  0x5e, 0x00, 0x00, 0x00, 0xca, 0xf3, 0xff, 0xff, 0x14, 0x00, 0x00, 0x00, 0x00, 0x00, 0x00, 0x20,
  0x1c, 0x00, 0x00, 0x00, 0x20, 0x00, 0x00, 0x00, 0x06, 0x00, 0x00, 0x00, 0xa6, 0xf5, 0xff, 0xff,
  0x02, 0x00, 0x00, 0x00, 0x01, 0x00, 0x00, 0x00, 0x01, 0x00, 0x00, 0x00, 0x01, 0x00, 0x00, 0x00,
  0x5e, 0x00, 0x00, 0x00, 0x04, 0x00, 0x00, 0x00, 0x4b, 0x00, 0x00, 0x00, 0x14, 0x00, 0x00, 0x00,
  0x19, 0x00, 0x00, 0x00, 0x1a, 0x00, 0x00, 0x00, 0x0e, 0xf4, 0xff, 0xff, 0x14, 0x00, 0x00, 0x00,
  0x00, 0x00, 0x00, 0x1b, 0x10, 0x00, 0x00, 0x00, 0x14, 0x00, 0x00, 0x00, 0x07, 0x00, 0x00, 0x00,
  0x98, 0xd5, 0xff, 0xff, 0x01, 0x00, 0x00, 0x00, 0x5d, 0x00, 0x00, 0x00, 0x02, 0x00, 0x00, 0x00,
  0x5c, 0x00, 0x00, 0x00, 0x17, 0x00, 0x00, 0x00, 0x3e, 0xf4, 0xff, 0xff, 0x14, 0x00, 0x00, 0x00,
  0x00, 0x00, 0x00, 0x15, 0x10, 0x00, 0x00, 0x00, 0x14, 0x00, 0x00, 0x00, 0x04, 0x00, 0x00, 0x00,
  0xc8, 0xd5, 0xff, 0xff, 0x01, 0x00, 0x00, 0x00, 0x5c, 0x00, 0x00, 0x00, 0x02, 0x00, 0x00, 0x00,
  0x4a, 0x00, 0x00, 0x00, 0x5b, 0x00, 0x00, 0x00, 0x6e, 0xf4, 0xff, 0xff, 0x14, 0x00, 0x00, 0x00,
  0x00, 0x00, 0x00, 0x20, 0x1c, 0x00, 0x00, 0x00, 0x20, 0x00, 0x00, 0x00, 0x06, 0x00, 0x00, 0x00,
  0x4a, 0xf6, 0xff, 0xff, 0x02, 0x00, 0x00, 0x00, 0x01, 0x00, 0x00, 0x00, 0x01, 0x00, 0x00, 0x00,
  0x01, 0x00, 0x00, 0x00, 0x5b, 0x00, 0x00, 0x00, 0x04, 0x00, 0x00, 0x00, 0x4b, 0x00, 0x00, 0x00,
  0x20, 0x00, 0x00, 0x00, 0x16, 0x00, 0x00, 0x00, 0x1a, 0x00, 0x00, 0x00, 0xb2, 0xf4, 0xff, 0xff,
  0x14, 0x00, 0x00, 0x00, 0x00, 0x00, 0x00, 0x1b, 0x10, 0x00, 0x00, 0x00, 0x14, 0x00, 0x00, 0x00,
  0x07, 0x00, 0x00, 0x00, 0x3c, 0xd6, 0xff, 0xff, 0x01, 0x00, 0x00, 0x00, 0x5a, 0x00, 0x00, 0x00,
  0x02, 0x00, 0x00, 0x00, 0x59, 0x00, 0x00, 0x00, 0x17, 0x00, 0x00, 0x00, 0xe2, 0xf4, 0xff, 0xff,
  0x14, 0x00, 0x00, 0x00, 0x00, 0x00, 0x00, 0x15, 0x10, 0x00, 0x00, 0x00, 0x14, 0x00, 0x00, 0x00,
  0x04, 0x00, 0x00, 0x00, 0x6c, 0xd6, 0xff, 0xff, 0x01, 0x00, 0x00, 0x00, 0x59, 0x00, 0x00, 0x00,
  0x02, 0x00, 0x00, 0x00, 0x4a, 0x00, 0x00, 0x00, 0x58, 0x00, 0x00, 0x00, 0x12, 0xf5, 0xff, 0xff,
  0x14, 0x00, 0x00, 0x00, 0x00, 0x00, 0x00, 0x20, 0x1c, 0x00, 0x00, 0x00, 0x20, 0x00, 0x00, 0x00,
  0x06, 0x00, 0x00, 0x00, 0xee, 0xf6, 0xff, 0xff, 0x02, 0x00, 0x00, 0x00, 0x01, 0x00, 0x00, 0x00,
  0x01, 0x00, 0x00, 0x00, 0x01, 0x00, 0x00, 0x00, 0x58, 0x00, 0x00, 0x00, 0x04, 0x00, 0x00, 0x00,
  0x4b, 0x00, 0x00, 0x00, 0x1f, 0x00, 0x00, 0x00, 0x20, 0x00, 0x00, 0x00, 0x1a, 0x00, 0x00, 0x00,
  0x56, 0xf5, 0xff, 0xff, 0x14, 0x00, 0x00, 0x00, 0x00, 0x00, 0x00, 0x1b, 0x10, 0x00, 0x00, 0x00,
  0x14, 0x00, 0x00, 0x00, 0x07, 0x00, 0x00, 0x00, 0xe0, 0xd6, 0xff, 0xff, 0x01, 0x00, 0x00, 0x00,
  0x57, 0x00, 0x00, 0x00, 0x02, 0x00, 0x00, 0x00, 0x56, 0x00, 0x00, 0x00, 0x17, 0x00, 0x00, 0x00,
  0x86, 0xf5, 0xff, 0xff, 0x14, 0x00, 0x00, 0x00, 0x00, 0x00, 0x00, 0x15, 0x10, 0x00, 0x00, 0x00,
  0x14, 0x00, 0x00, 0x00, 0x04, 0x00, 0x00, 0x00, 0x10, 0xd7, 0xff, 0xff, 0x01, 0x00, 0x00, 0x00,
  0x56, 0x00, 0x00, 0x00, 0x02, 0x00, 0x00, 0x00, 0x4a, 0x00, 0x00, 0x00, 0x55, 0x00, 0x00, 0x00,
  0xb6, 0xf5, 0xff, 0xff, 0x14, 0x00, 0x00, 0x00, 0x00, 0x00, 0x00, 0x20, 0x1c, 0x00, 0x00, 0x00,
  0x20, 0x00, 0x00, 0x00, 0x06, 0x00, 0x00, 0x00, 0x92, 0xf7, 0xff, 0xff, 0x02, 0x00, 0x00, 0x00,
  0x01, 0x00, 0x00, 0x00, 0x01, 0x00, 0x00, 0x00, 0x01, 0x00, 0x00, 0x00, 0x55, 0x00, 0x00, 0x00,
  0x04, 0x00, 0x00, 0x00, 0x4b, 0x00, 0x00, 0x00, 0x1e, 0x00, 0x00, 0x00, 0x1f, 0x00, 0x00, 0x00,
  0x1a, 0x00, 0x00, 0x00, 0xfa, 0xf5, 0xff, 0xff, 0x14, 0x00, 0x00, 0x00, 0x00, 0x00, 0x00, 0x1b,
  0x10, 0x00, 0x00, 0x00, 0x14, 0x00, 0x00, 0x00, 0x07, 0x00, 0x00, 0x00, 0x84, 0xd7, 0xff, 0xff,
  0x01, 0x00, 0x00, 0x00, 0x54, 0x00, 0x00, 0x00, 0x02, 0x00, 0x00, 0x00, 0x53, 0x00, 0x00, 0x00,
  0x17, 0x00, 0x00, 0x00, 0x2a, 0xf6, 0xff, 0xff, 0x14, 0x00, 0x00, 0x00, 0x00, 0x00, 0x00, 0x15,
  0x10, 0x00, 0x00, 0x00, 0x14, 0x00, 0x00, 0x00, 0x04, 0x00, 0x00, 0x00, 0xb4, 0xd7, 0xff, 0xff,
  0x01, 0x00, 0x00, 0x00, 0x53, 0x00, 0x00, 0x00, 0x02, 0x00, 0x00, 0x00, 0x4a, 0x00, 0x00, 0x00,
  0x52, 0x00, 0x00, 0x00, 0x5a, 0xf6, 0xff, 0xff, 0x14, 0x00, 0x00, 0x00, 0x00, 0x00, 0x00, 0x20,
  0x1c, 0x00, 0x00, 0x00, 0x20, 0x00, 0x00, 0x00, 0x06, 0x00, 0x00, 0x00, 0x36, 0xf8, 0xff, 0xff,
  0x02, 0x00, 0x00, 0x00, 0x01, 0x00, 0x00, 0x00, 0x01, 0x00, 0x00, 0x00, 0x01, 0x00, 0x00, 0x00,
  0x52, 0x00, 0x00, 0x00, 0x04, 0x00, 0x00, 0x00, 0x4b, 0x00, 0x00, 0x00, 0x1d, 0x00, 0x00, 0x00,
  0x1e, 0x00, 0x00, 0x00, 0x1a, 0x00, 0x00, 0x00, 0x9e, 0xf6, 0xff, 0xff, 0x14, 0x00, 0x00, 0x00,
  0x00, 0x00, 0x00, 0x1b, 0x10, 0x00, 0x00, 0x00, 0x14, 0x00, 0x00, 0x00, 0x07, 0x00, 0x00, 0x00,
  0x28, 0xd8, 0xff, 0xff, 0x01, 0x00, 0x00, 0x00, 0x51, 0x00, 0x00, 0x00, 0x02, 0x00, 0x00, 0x00,
  0x50, 0x00, 0x00, 0x00, 0x17, 0x00, 0x00, 0x00, 0xce, 0xf6, 0xff, 0xff, 0x14, 0x00, 0x00, 0x00,
  0x00, 0x00, 0x00, 0x15, 0x10, 0x00, 0x00, 0x00, 0x14, 0x00, 0x00, 0x00, 0x04, 0x00, 0x00, 0x00,
  0x58, 0xd8, 0xff, 0xff, 0x01, 0x00, 0x00, 0x00, 0x50, 0x00, 0x00, 0x00, 0x02, 0x00, 0x00, 0x00,
  0x4a, 0x00, 0x00, 0x00, 0x4f, 0x00, 0x00, 0x00, 0xfe, 0xf6, 0xff, 0xff, 0x14, 0x00, 0x00, 0x00,
  0x00, 0x00, 0x00, 0x20, 0x1c, 0x00, 0x00, 0x00, 0x20, 0x00, 0x00, 0x00, 0x06, 0x00, 0x00, 0x00,
  0xda, 0xf8, 0xff, 0xff, 0x02, 0x00, 0x00, 0x00, 0x01, 0x00, 0x00, 0x00, 0x01, 0x00, 0x00, 0x00,
  0x01, 0x00, 0x00, 0x00, 0x4f, 0x00, 0x00, 0x00, 0x04, 0x00, 0x00, 0x00, 0x4b, 0x00, 0x00, 0x00,
  0x1c, 0x00, 0x00, 0x00, 0x1d, 0x00, 0x00, 0x00, 0x1a, 0x00, 0x00, 0x00, 0x42, 0xf7, 0xff, 0xff,
  0x14, 0x00, 0x00, 0x00, 0x00, 0x00, 0x00, 0x1b, 0x10, 0x00, 0x00, 0x00, 0x14, 0x00, 0x00, 0x00,
  0x07, 0x00, 0x00, 0x00, 0xcc, 0xd8, 0xff, 0xff, 0x01, 0x00, 0x00, 0x00, 0x4e, 0x00, 0x00, 0x00,
  0x02, 0x00, 0x00, 0x00, 0x4d, 0x00, 0x00, 0x00, 0x17, 0x00, 0x00, 0x00, 0x72, 0xf7, 0xff, 0xff,
  0x14, 0x00, 0x00, 0x00, 0x00, 0x00, 0x00, 0x15, 0x10, 0x00, 0x00, 0x00, 0x14, 0x00, 0x00, 0x00,
  0x04, 0x00, 0x00, 0x00, 0xfc, 0xd8, 0xff, 0xff, 0x01, 0x00, 0x00, 0x00, 0x4d, 0x00, 0x00, 0x00,
  0x02, 0x00, 0x00, 0x00, 0x4a, 0x00, 0x00, 0x00, 0x4c, 0x00, 0x00, 0x00, 0xa2, 0xf7, 0xff, 0xff,
  0x14, 0x00, 0x00, 0x00, 0x00, 0x00, 0x00, 0x20, 0x1c, 0x00, 0x00, 0x00, 0x20, 0x00, 0x00, 0x00,
  0x06, 0x00, 0x00, 0x00, 0x7e, 0xf9, 0xff, 0xff, 0x02, 0x00, 0x00, 0x00, 0x01, 0x00, 0x00, 0x00,
  0x01, 0x00, 0x00, 0x00, 0x01, 0x00, 0x00, 0x00, 0x4c, 0x00, 0x00, 0x00, 0x04, 0x00, 0x00, 0x00,
  0x4b, 0x00, 0x00, 0x00, 0x1b, 0x00, 0x00, 0x00, 0x1c, 0x00, 0x00, 0x00, 0x1a, 0x00, 0x00, 0x00,
  0x8e, 0xf8, 0xff, 0xff, 0x0c, 0x00, 0x00, 0x00, 0x10, 0x00, 0x00, 0x00, 0x03, 0x00, 0x00, 0x00,
  0x01, 0x00, 0x00, 0x00, 0x4b, 0x00, 0x00, 0x00, 0x03, 0x00, 0x00, 0x00, 0x26, 0x00, 0x00, 0x00,
  0x16, 0x00, 0x00, 0x00, 0x15, 0x00, 0x00, 0x00, 0x0e, 0xf8, 0xff, 0xff, 0x14, 0x00, 0x00, 0x00,
  0x00, 0x00, 0x00, 0x09, 0x14, 0x00, 0x00, 0x00, 0x18, 0x00, 0x00, 0x00, 0x05, 0x00, 0x00, 0x00,
  0x82, 0xf8, 0xff, 0xff, 0x00, 0x00, 0x80, 0x3f, 0x01, 0x00, 0x00, 0x00, 0x4a, 0x00, 0x00, 0x00,
  0x01, 0x00, 0x00, 0x00, 0x49, 0x00, 0x00, 0x00, 0x3e, 0xf8, 0xff, 0xff, 0x14, 0x00, 0x00, 0x00,
  0x00, 0x00, 0x00, 0x15, 0x10, 0x00, 0x00, 0x00, 0x14, 0x00, 0x00, 0x00, 0x04, 0x00, 0x00, 0x00,
  0xc8, 0xd9, 0xff, 0xff, 0x01, 0x00, 0x00, 0x00, 0x49, 0x00, 0x00, 0x00, 0x02, 0x00, 0x00, 0x00,
  0x48, 0x00, 0x00, 0x00, 0x0e, 0x00, 0x00, 0x00, 0x2e, 0xf8, 0xff, 0xff, 0x10, 0x00, 0x00, 0x00,
  0x00, 0x00, 0x00, 0x08, 0x0c, 0x00, 0x00, 0x00, 0x10, 0x00, 0x00, 0x00, 0xf4, 0xd9, 0xff, 0xff,
  0x01, 0x00, 0x00, 0x00, 0x48, 0x00, 0x00, 0x00, 0x03, 0x00, 0x00, 0x00, 0x46, 0x00, 0x00, 0x00,
  0x47, 0x00, 0x00, 0x00, 0xff, 0xff, 0xff, 0xff, 0x46, 0xf9, 0xff, 0xff, 0x0c, 0x00, 0x00, 0x00,
  0x10, 0x00, 0x00, 0x00, 0x03, 0x00, 0x00, 0x00, 0x01, 0x00, 0x00, 0x00, 0x47, 0x00, 0x00, 0x00,
  0x03, 0x00, 0x00, 0x00, 0x25, 0x00, 0x00, 0x00, 0x16, 0x00, 0x00, 0x00, 0x15, 0x00, 0x00, 0x00,
  0x6e, 0xf9, 0xff, 0xff, 0x0c, 0x00, 0x00, 0x00, 0x10, 0x00, 0x00, 0x00, 0x03, 0x00, 0x00, 0x00,
  0x01, 0x00, 0x00, 0x00, 0x46, 0x00, 0x00, 0x00, 0x03, 0x00, 0x00, 0x00, 0x24, 0x00, 0x00, 0x00,
  0x16, 0x00, 0x00, 0x00, 0x15, 0x00, 0x00, 0x00, 0xee, 0xf8, 0xff, 0xff, 0x1c, 0x00, 0x00, 0x00,
  0x00, 0x00, 0x00, 0x3b, 0x20, 0x00, 0x00, 0x00, 0x24, 0x00, 0x00, 0x00, 0x08, 0x00, 0x00, 0x00,
  0x08, 0x00, 0x0c, 0x00, 0x08, 0x00, 0x04, 0x00, 0x08, 0x00, 0x00, 0x00, 0x01, 0x00, 0x00, 0x00,
  0x08, 0x00, 0x00, 0x00, 0x01, 0x00, 0x00, 0x00, 0x45, 0x00, 0x00, 0x00, 0x08, 0x00, 0x00, 0x00,
  0x2f, 0x00, 0x00, 0x00, 0x32, 0x00, 0x00, 0x00, 0x35, 0x00, 0x00, 0x00, 0x38, 0x00, 0x00, 0x00,
  0x3b, 0x00, 0x00, 0x00, 0x3e, 0x00, 0x00, 0x00, 0x41, 0x00, 0x00, 0x00, 0x44, 0x00, 0x00, 0x00,
  0x46, 0xf9, 0xff, 0xff, 0x14, 0x00, 0x00, 0x00, 0x00, 0x00, 0x00, 0x1b, 0x10, 0x00, 0x00, 0x00,
  0x14, 0x00, 0x00, 0x00, 0x07, 0x00, 0x00, 0x00, 0xd0, 0xda, 0xff, 0xff, 0x01, 0x00, 0x00, 0x00,
  0x44, 0x00, 0x00, 0x00, 0x02, 0x00, 0x00, 0x00, 0x43, 0x00, 0x00, 0x00, 0x17, 0x00, 0x00, 0x00,
  0x76, 0xf9, 0xff, 0xff, 0x14, 0x00, 0x00, 0x00, 0x00, 0x00, 0x00, 0x15, 0x10, 0x00, 0x00, 0x00,
  0x14, 0x00, 0x00, 0x00, 0x04, 0x00, 0x00, 0x00, 0x00, 0xdb, 0xff, 0xff, 0x01, 0x00, 0x00, 0x00,
  0x43, 0x00, 0x00, 0x00, 0x02, 0x00, 0x00, 0x00, 0x2b, 0x00, 0x00, 0x00, 0x42, 0x00, 0x00, 0x00,
  0xa6, 0xf9, 0xff, 0xff, 0x14, 0x00, 0x00, 0x00, 0x00, 0x00, 0x00, 0x20, 0x1c, 0x00, 0x00, 0x00,
  0x20, 0x00, 0x00, 0x00, 0x06, 0x00, 0x00, 0x00, 0x82, 0xfb, 0xff, 0xff, 0x02, 0x00, 0x00, 0x00,
  0x01, 0x00, 0x00, 0x00, 0x01, 0x00, 0x00, 0x00, 0x01, 0x00, 0x00, 0x00, 0x42, 0x00, 0x00, 0x00,
  0x04, 0x00, 0x00, 0x00, 0x2c, 0x00, 0x00, 0x00, 0x20, 0x00, 0x00, 0x00, 0x16, 0x00, 0x00, 0x00,
  0x1a, 0x00, 0x00, 0x00, 0xea, 0xf9, 0xff, 0xff, 0x14, 0x00, 0x00, 0x00, 0x00, 0x00, 0x00, 0x1b,
  0x10, 0x00, 0x00, 0x00, 0x14, 0x00, 0x00, 0x00, 0x07, 0x00, 0x00, 0x00, 0x74, 0xdb, 0xff, 0xff,
  0x01, 0x00, 0x00, 0x00, 0x41, 0x00, 0x00, 0x00, 0x02, 0x00, 0x00, 0x00, 0x40, 0x00, 0x00, 0x00,
  0x17, 0x00, 0x00, 0x00, 0x1a, 0xfa, 0xff, 0xff, 0x14, 0x00, 0x00, 0x00, 0x00, 0x00, 0x00, 0x15,
  0x10, 0x00, 0x00, 0x00, 0x14, 0x00, 0x00, 0x00, 0x04, 0x00, 0x00, 0x00, 0xa4, 0xdb, 0xff, 0xff,
  0x01, 0x00, 0x00, 0x00, 0x40, 0x00, 0x00, 0x00, 0x02, 0x00, 0x00, 0x00, 0x2b, 0x00, 0x00, 0x00,
  0x3f, 0x00, 0x00, 0x00, 0x4a, 0xfa, 0xff, 0xff, 0x14, 0x00, 0x00, 0x00, 0x00, 0x00, 0x00, 0x20,
  0x1c, 0x00, 0x00, 0x00, 0x20, 0x00, 0x00, 0x00, 0x06, 0x00, 0x00, 0x00, 0x26, 0xfc, 0xff, 0xff,
  0x02, 0x00, 0x00, 0x00, 0x01, 0x00, 0x00, 0x00, 0x01, 0x00, 0x00, 0x00, 0x01, 0x00, 0x00, 0x00,
  0x3f, 0x00, 0x00, 0x00, 0x04, 0x00, 0x00, 0x00, 0x2c, 0x00, 0x00, 0x00, 0x1f, 0x00, 0x00, 0x00,
  0x20, 0x00, 0x00, 0x00, 0x1a, 0x00, 0x00, 0x00, 0x8e, 0xfa, 0xff, 0xff, 0x14, 0x00, 0x00, 0x00,
  0x00, 0x00, 0x00, 0x1b, 0x10, 0x00, 0x00, 0x00, 0x14, 0x00, 0x00, 0x00, 0x07, 0x00, 0x00, 0x00,
  0x18, 0xdc, 0xff, 0xff, 0x01, 0x00, 0x00, 0x00, 0x3e, 0x00, 0x00, 0x00, 0x02, 0x00, 0x00, 0x00,
  0x3d, 0x00, 0x00, 0x00, 0x17, 0x00, 0x00, 0x00, 0xbe, 0xfa, 0xff, 0xff, 0x14, 0x00, 0x00, 0x00,
  0x00, 0x00, 0x00, 0x15, 0x10, 0x00, 0x00, 0x00, 0x14, 0x00, 0x00, 0x00, 0x04, 0x00, 0x00, 0x00,
  0x48, 0xdc, 0xff, 0xff, 0x01, 0x00, 0x00, 0x00, 0x3d, 0x00, 0x00, 0x00, 0x02, 0x00, 0x00, 0x00,
  0x2b, 0x00, 0x00, 0x00, 0x3c, 0x00, 0x00, 0x00, 0xee, 0xfa, 0xff, 0xff, 0x14, 0x00, 0x00, 0x00,
  0x00, 0x00, 0x00, 0x20, 0x1c, 0x00, 0x00, 0x00, 0x20, 0x00, 0x00, 0x00, 0x06, 0x00, 0x00, 0x00,
  0xca, 0xfc, 0xff, 0xff, 0x02, 0x00, 0x00, 0x00, 0x01, 0x00, 0x00, 0x00, 0x01, 0x00, 0x00, 0x00,
  0x01, 0x00, 0x00, 0x00, 0x3c, 0x00, 0x00, 0x00, 0x04, 0x00, 0x00, 0x00, 0x2c, 0x00, 0x00, 0x00,
  0x1e, 0x00, 0x00, 0x00, 0x1f, 0x00, 0x00, 0x00, 0x1a, 0x00, 0x00, 0x00, 0x32, 0xfb, 0xff, 0xff,
  0x14, 0x00, 0x00, 0x00, 0x00, 0x00, 0x00, 0x1b, 0x10, 0x00, 0x00, 0x00, 0x14, 0x00, 0x00, 0x00,
  0x07, 0x00, 0x00, 0x00, 0xbc, 0xdc, 0xff, 0xff, 0x01, 0x00, 0x00, 0x00, 0x3b, 0x00, 0x00, 0x00,
  0x02, 0x00, 0x00, 0x00, 0x3a, 0x00, 0x00, 0x00, 0x17, 0x00, 0x00, 0x00, 0x62, 0xfb, 0xff, 0xff,
  0x14, 0x00, 0x00, 0x00, 0x00, 0x00, 0x00, 0x15, 0x10, 0x00, 0x00, 0x00, 0x14, 0x00, 0x00, 0x00,
  0x04, 0x00, 0x00, 0x00, 0xec, 0xdc, 0xff, 0xff, 0x01, 0x00, 0x00, 0x00, 0x3a, 0x00, 0x00, 0x00,
  0x02, 0x00, 0x00, 0x00, 0x2b, 0x00, 0x00, 0x00, 0x39, 0x00, 0x00, 0x00, 0x92, 0xfb, 0xff, 0xff,
  0x14, 0x00, 0x00, 0x00, 0x00, 0x00, 0x00, 0x20, 0x1c, 0x00, 0x00, 0x00, 0x20, 0x00, 0x00, 0x00,
  0x06, 0x00, 0x00, 0x00, 0x6e, 0xfd, 0xff, 0xff, 0x02, 0x00, 0x00, 0x00, 0x01, 0x00, 0x00, 0x00,
  0x01, 0x00, 0x00, 0x00, 0x01, 0x00, 0x00, 0x00, 0x39, 0x00, 0x00, 0x00, 0x04, 0x00, 0x00, 0x00,
  0x2c, 0x00, 0x00, 0x00, 0x1d, 0x00, 0x00, 0x00, 0x1e, 0x00, 0x00, 0x00, 0x1a, 0x00, 0x00, 0x00,
  0xd6, 0xfb, 0xff, 0xff, 0x14, 0x00, 0x00, 0x00, 0x00, 0x00, 0x00, 0x1b, 0x10, 0x00, 0x00, 0x00,
  0x14, 0x00, 0x00, 0x00, 0x07, 0x00, 0x00, 0x00, 0x60, 0xdd, 0xff, 0xff, 0x01, 0x00, 0x00, 0x00,
  0x38, 0x00, 0x00, 0x00, 0x02, 0x00, 0x00, 0x00, 0x37, 0x00, 0x00, 0x00, 0x17, 0x00, 0x00, 0x00,
  0x06, 0xfc, 0xff, 0xff, 0x14, 0x00, 0x00, 0x00, 0x00, 0x00, 0x00, 0x15, 0x10, 0x00, 0x00, 0x00,
  0x14, 0x00, 0x00, 0x00, 0x04, 0x00, 0x00, 0x00, 0x90, 0xdd, 0xff, 0xff, 0x01, 0x00, 0x00, 0x00,
  0x37, 0x00, 0x00, 0x00, 0x02, 0x00, 0x00, 0x00, 0x2b, 0x00, 0x00, 0x00, 0x36, 0x00, 0x00, 0x00,
  0x36, 0xfc, 0xff, 0xff, 0x14, 0x00, 0x00, 0x00, 0x00, 0x00, 0x00, 0x20, 0x1c, 0x00, 0x00, 0x00,
  0x20, 0x00, 0x00, 0x00, 0x06, 0x00, 0x00, 0x00, 0x12, 0xfe, 0xff, 0xff, 0x02, 0x00, 0x00, 0x00,
  0x01, 0x00, 0x00, 0x00, 0x01, 0x00, 0x00, 0x00, 0x01, 0x00, 0x00, 0x00, 0x36, 0x00, 0x00, 0x00,
  0x04, 0x00, 0x00, 0x00, 0x2c, 0x00, 0x00, 0x00, 0x1c, 0x00, 0x00, 0x00, 0x1d, 0x00, 0x00, 0x00,
  0x1a, 0x00, 0x00, 0x00, 0x7a, 0xfc, 0xff, 0xff, 0x14, 0x00, 0x00, 0x00, 0x00, 0x00, 0x00, 0x1b,
  0x10, 0x00, 0x00, 0x00, 0x14, 0x00, 0x00, 0x00, 0x07, 0x00, 0x00, 0x00, 0x04, 0xde, 0xff, 0xff,
  0x01, 0x00, 0x00, 0x00, 0x35, 0x00, 0x00, 0x00, 0x02, 0x00, 0x00, 0x00, 0x34, 0x00, 0x00, 0x00,
  0x17, 0x00, 0x00, 0x00, 0xaa, 0xfc, 0xff, 0xff, 0x14, 0x00, 0x00, 0x00, 0x00, 0x00, 0x00, 0x15,
  0x10, 0x00, 0x00, 0x00, 0x14, 0x00, 0x00, 0x00, 0x04, 0x00, 0x00, 0x00, 0x34, 0xde, 0xff, 0xff,
  0x01, 0x00, 0x00, 0x00, 0x34, 0x00, 0x00, 0x00, 0x02, 0x00, 0x00, 0x00, 0x2b, 0x00, 0x00, 0x00,
  0x33, 0x00, 0x00, 0x00, 0xda, 0xfc, 0xff, 0xff, 0x14, 0x00, 0x00, 0x00, 0x00, 0x00, 0x00, 0x20,
  0x1c, 0x00, 0x00, 0x00, 0x20, 0x00, 0x00, 0x00, 0x06, 0x00, 0x00, 0x00, 0xb6, 0xfe, 0xff, 0xff,
  0x02, 0x00, 0x00, 0x00, 0x01, 0x00, 0x00, 0x00, 0x01, 0x00, 0x00, 0x00, 0x01, 0x00, 0x00, 0x00,
  0x33, 0x00, 0x00, 0x00, 0x04, 0x00, 0x00, 0x00, 0x2c, 0x00, 0x00, 0x00, 0x1b, 0x00, 0x00, 0x00,
  0x1c, 0x00, 0x00, 0x00, 0x1a, 0x00, 0x00, 0x00, 0x1e, 0xfd, 0xff, 0xff, 0x14, 0x00, 0x00, 0x00,
  0x00, 0x00, 0x00, 0x1b, 0x10, 0x00, 0x00, 0x00, 0x14, 0x00, 0x00, 0x00, 0x07, 0x00, 0x00, 0x00,
  0xa8, 0xde, 0xff, 0xff, 0x01, 0x00, 0x00, 0x00, 0x32, 0x00, 0x00, 0x00, 0x02, 0x00, 0x00, 0x00,
  0x31, 0x00, 0x00, 0x00, 0x17, 0x00, 0x00, 0x00, 0x4e, 0xfd, 0xff, 0xff, 0x14, 0x00, 0x00, 0x00,
  0x00, 0x00, 0x00, 0x15, 0x10, 0x00, 0x00, 0x00, 0x14, 0x00, 0x00, 0x00, 0x04, 0x00, 0x00, 0x00,
  0xd8, 0xde, 0xff, 0xff, 0x01, 0x00, 0x00, 0x00, 0x31, 0x00, 0x00, 0x00, 0x02, 0x00, 0x00, 0x00,
  0x2b, 0x00, 0x00, 0x00, 0x30, 0x00, 0x00, 0x00, 0x7e, 0xfd, 0xff, 0xff, 0x14, 0x00, 0x00, 0x00,
  0x00, 0x00, 0x00, 0x20, 0x1c, 0x00, 0x00, 0x00, 0x20, 0x00, 0x00, 0x00, 0x06, 0x00, 0x00, 0x00,
  0x5a, 0xff, 0xff, 0xff, 0x02, 0x00, 0x00, 0x00, 0x01, 0x00, 0x00, 0x00, 0x01, 0x00, 0x00, 0x00,
  0x01, 0x00, 0x00, 0x00, 0x30, 0x00, 0x00, 0x00, 0x04, 0x00, 0x00, 0x00, 0x2c, 0x00, 0x00, 0x00,
  0x19, 0x00, 0x00, 0x00, 0x1b, 0x00, 0x00, 0x00, 0x1a, 0x00, 0x00, 0x00, 0xc2, 0xfd, 0xff, 0xff,
  0x14, 0x00, 0x00, 0x00, 0x00, 0x00, 0x00, 0x1b, 0x10, 0x00, 0x00, 0x00, 0x14, 0x00, 0x00, 0x00,
  0x07, 0x00, 0x00, 0x00, 0x4c, 0xdf, 0xff, 0xff, 0x01, 0x00, 0x00, 0x00, 0x2f, 0x00, 0x00, 0x00,
  0x02, 0x00, 0x00, 0x00, 0x2e, 0x00, 0x00, 0x00, 0x17, 0x00, 0x00, 0x00, 0xf2, 0xfd, 0xff, 0xff,
  0x14, 0x00, 0x00, 0x00, 0x00, 0x00, 0x00, 0x15, 0x10, 0x00, 0x00, 0x00, 0x14, 0x00, 0x00, 0x00,
  0x04, 0x00, 0x00, 0x00, 0x7c, 0xdf, 0xff, 0xff, 0x01, 0x00, 0x00, 0x00, 0x2e, 0x00, 0x00, 0x00,
  0x02, 0x00, 0x00, 0x00, 0x2b, 0x00, 0x00, 0x00, 0x2d, 0x00, 0x00, 0x00, 0x22, 0xfe, 0xff, 0xff,
  0x24, 0x00, 0x00, 0x00, 0x00, 0x00, 0x00, 0x20, 0x2c, 0x00, 0x00, 0x00, 0x30, 0x00, 0x00, 0x00,
  0x06, 0x00, 0x00, 0x00, 0x00, 0x00, 0x0e, 0x00, 0x10, 0x00, 0x0c, 0x00, 0x08, 0x00, 0x00, 0x00,
  0x00, 0x00, 0x04, 0x00, 0x0e, 0x00, 0x00, 0x00, 0x02, 0x00, 0x00, 0x00, 0x01, 0x00, 0x00, 0x00,
  0x01, 0x00, 0x00, 0x00, 0x01, 0x00, 0x00, 0x00, 0x2d, 0x00, 0x00, 0x00, 0x04, 0x00, 0x00, 0x00,
  0x2c, 0x00, 0x00, 0x00, 0x14, 0x00, 0x00, 0x00, 0x19, 0x00, 0x00, 0x00, 0x1a, 0x00, 0x00, 0x00,
  0x1e, 0xff, 0xff, 0xff, 0x0c, 0x00, 0x00, 0x00, 0x10, 0x00, 0x00, 0x00, 0x03, 0x00, 0x00, 0x00,
  0x01, 0x00, 0x00, 0x00, 0x2c, 0x00, 0x00, 0x00, 0x03, 0x00, 0x00, 0x00, 0x26, 0x00, 0x00, 0x00,
  0x14, 0x00, 0x00, 0x00, 0x15, 0x00, 0x00, 0x00, 0x9e, 0xfe, 0xff, 0xff, 0x14, 0x00, 0x00, 0x00,
  0x00, 0x00, 0x00, 0x09, 0x14, 0x00, 0x00, 0x00, 0x18, 0x00, 0x00, 0x00, 0x05, 0x00, 0x00, 0x00,
  0x12, 0xff, 0xff, 0xff, 0x00, 0x00, 0x80, 0x3f, 0x01, 0x00, 0x00, 0x00, 0x2b, 0x00, 0x00, 0x00,
  0x01, 0x00, 0x00, 0x00, 0x2a, 0x00, 0x00, 0x00, 0xce, 0xfe, 0xff, 0xff, 0x14, 0x00, 0x00, 0x00,
  0x00, 0x00, 0x00, 0x15, 0x10, 0x00, 0x00, 0x00, 0x14, 0x00, 0x00, 0x00, 0x04, 0x00, 0x00, 0x00,
  0x58, 0xe0, 0xff, 0xff, 0x01, 0x00, 0x00, 0x00, 0x2a, 0x00, 0x00, 0x00, 0x02, 0x00, 0x00, 0x00,
  0x29, 0x00, 0x00, 0x00, 0x0e, 0x00, 0x00, 0x00, 0xbe, 0xfe, 0xff, 0xff, 0x10, 0x00, 0x00, 0x00,
  0x00, 0x00, 0x00, 0x08, 0x0c, 0x00, 0x00, 0x00, 0x10, 0x00, 0x00, 0x00, 0x84, 0xe0, 0xff, 0xff,
  0x01, 0x00, 0x00, 0x00, 0x29, 0x00, 0x00, 0x00, 0x03, 0x00, 0x00, 0x00, 0x27, 0x00, 0x00, 0x00,
  0x28, 0x00, 0x00, 0x00, 0xff, 0xff, 0xff, 0xff, 0xd6, 0xff, 0xff, 0xff, 0x0c, 0x00, 0x00, 0x00,
  0x10, 0x00, 0x00, 0x00, 0x03, 0x00, 0x00, 0x00, 0x01, 0x00, 0x00, 0x00, 0x28, 0x00, 0x00, 0x00,
  0x03, 0x00, 0x00, 0x00, 0x25, 0x00, 0x00, 0x00, 0x14, 0x00, 0x00, 0x00, 0x15, 0x00, 0x00, 0x00,
  0x00, 0x00, 0x0a, 0x00, 0x10, 0x00, 0x0c, 0x00, 0x08, 0x00, 0x04, 0x00, 0x0a, 0x00, 0x00, 0x00,
  0x0c, 0x00, 0x00, 0x00, 0x10, 0x00, 0x00, 0x00, 0x03, 0x00, 0x00, 0x00, 0x01, 0x00, 0x00, 0x00,
  0x27, 0x00, 0x00, 0x00, 0x03, 0x00, 0x00, 0x00, 0x24, 0x00, 0x00, 0x00, 0x14, 0x00, 0x00, 0x00,
  0x15, 0x00, 0x00, 0x00, 0x8a, 0xff, 0xff, 0xff, 0x1c, 0x00, 0x00, 0x00, 0x00, 0x00, 0x00, 0x23,
  0x1c, 0x00, 0x00, 0x00, 0x28, 0x00, 0x00, 0x00, 0x02, 0x00, 0x00, 0x00, 0x00, 0x00, 0x06, 0x00,
  0x08, 0x00, 0x04, 0x00, 0x06, 0x00, 0x00, 0x00, 0x03, 0x00, 0x00, 0x00, 0x03, 0x00, 0x00, 0x00,
  0x24, 0x00, 0x00, 0x00, 0x25, 0x00, 0x00, 0x00, 0x26, 0x00, 0x00, 0x00, 0x02, 0x00, 0x00, 0x00,
  0x12, 0x00, 0x00, 0x00, 0x23, 0x00, 0x00, 0x00, 0x8e, 0xff, 0xff, 0xff, 0x10, 0x00, 0x00, 0x00,
  0x00, 0x00, 0x00, 0x08, 0x0c, 0x00, 0x00, 0x00, 0x10, 0x00, 0x00, 0x00, 0x54, 0xe1, 0xff, 0xff,
  0x01, 0x00, 0x00, 0x00, 0x23, 0x00, 0x00, 0x00, 0x03, 0x00, 0x00, 0x00, 0x22, 0x00, 0x00, 0x00,
  0x07, 0x00, 0x00, 0x00, 0x0d, 0x00, 0x00, 0x00, 0x00, 0x00, 0x0e, 0x00, 0x18, 0x00, 0x14, 0x00,
  0x10, 0x00, 0x0c, 0x00, 0x0b, 0x00, 0x04, 0x00, 0x0e, 0x00, 0x00, 0x00, 0x14, 0x00, 0x00, 0x00,
  0x00, 0x00, 0x00, 0x0b, 0x10, 0x00, 0x00, 0x00, 0x14, 0x00, 0x00, 0x00, 0x01, 0x00, 0x00, 0x00,
  0x98, 0xe1, 0xff, 0xff, 0x01, 0x00, 0x00, 0x00, 0x22, 0x00, 0x00, 0x00, 0x02, 0x00, 0x00, 0x00,
  0x21, 0x00, 0x00, 0x00, 0x03, 0x00, 0x00, 0x00, 0x00, 0x00, 0x0e, 0x00, 0x14, 0x00, 0x00, 0x00,
  0x10, 0x00, 0x0c, 0x00, 0x0b, 0x00, 0x04, 0x00, 0x0e, 0x00, 0x00, 0x00, 0x10, 0x00, 0x00, 0x00,
  0x00, 0x00, 0x00, 0x08, 0x0c, 0x00, 0x00, 0x00, 0x10, 0x00, 0x00, 0x00, 0xd4, 0xe1, 0xff, 0xff,
  0x01, 0x00, 0x00, 0x00, 0x21, 0x00, 0x00, 0x00, 0x03, 0x00, 0x00, 0x00, 0x00, 0x00, 0x00, 0x00,
  0x08, 0x00, 0x00, 0x00, 0xff, 0xff, 0xff, 0xff, 0x01, 0x00, 0x00, 0x00, 0x7e, 0x00, 0x00, 0x00,
  0x01, 0x00, 0x00, 0x00, 0x00, 0x00, 0x00, 0x00, 0x7f, 0x00, 0x00, 0x00, 0xfc, 0x1c, 0x00, 0x00,
  0xa4, 0x1c, 0x00, 0x00, 0x68, 0x1c, 0x00, 0x00, 0x28, 0x1c, 0x00, 0x00, 0xe8, 0x1b, 0x00, 0x00,
  0xa8, 0x1b, 0x00, 0x00, 0x68, 0x1b, 0x00, 0x00, 0x28, 0x1b, 0x00, 0x00, 0xe8, 0x1a, 0x00, 0x00,
  0xb0, 0x1a, 0x00, 0x00, 0x78, 0x1a, 0x00, 0x00, 0x40, 0x1a, 0x00, 0x00, 0x08, 0x1a, 0x00, 0x00,
  0xd4, 0x19, 0x00, 0x00, 0xa4, 0x19, 0x00, 0x00, 0x70, 0x19, 0x00, 0x00, 0x3c, 0x19, 0x00, 0x00,
  0x08, 0x19, 0x00, 0x00, 0xcc, 0x18, 0x00, 0x00, 0x6c, 0x18, 0x00, 0x00, 0x2c, 0x18, 0x00, 0x00,
  0xe8, 0x17, 0x00, 0x00, 0xa4, 0x17, 0x00, 0x00, 0x64, 0x17, 0x00, 0x00, 0x28, 0x17, 0x00, 0x00,
  0xe4, 0x16, 0x00, 0x00, 0xa0, 0x16, 0x00, 0x00, 0x5c, 0x16, 0x00, 0x00, 0x18, 0x16, 0x00, 0x00,
  0xd4, 0x15, 0x00, 0x00, 0x90, 0x15, 0x00, 0x00, 0x4c, 0x15, 0x00, 0x00, 0x08, 0x15, 0x00, 0x00,
  0xd0, 0x14, 0x00, 0x00, 0x84, 0x14, 0x00, 0x00, 0x44, 0x14, 0x00, 0x00, 0x0c, 0x14, 0x00, 0x00,
  0xd4, 0x13, 0x00, 0x00, 0x9c, 0x13, 0x00, 0x00, 0x64, 0x13, 0x00, 0x00, 0x2c, 0x13, 0x00, 0x00,
  0xf0, 0x12, 0x00, 0x00, 0xbc, 0x12, 0x00, 0x00, 0x84, 0x12, 0x00, 0x00, 0x4c, 0x12, 0x00, 0x00,
  0x10, 0x12, 0x00, 0x00, 0xd8, 0x11, 0x00, 0x00, 0xa8, 0x11, 0x00, 0x00, 0x6c, 0x11, 0x00, 0x00,
  0x34, 0x11, 0x00, 0x00, 0x00, 0x11, 0x00, 0x00, 0xc4, 0x10, 0x00, 0x00, 0x8c, 0x10, 0x00, 0x00,
  0x58, 0x10, 0x00, 0x00, 0x1c, 0x10, 0x00, 0x00, 0xe4, 0x0f, 0x00, 0x00, 0xb0, 0x0f, 0x00, 0x00,
  0x74, 0x0f, 0x00, 0x00, 0x3c, 0x0f, 0x00, 0x00, 0x08, 0x0f, 0x00, 0x00, 0xcc, 0x0e, 0x00, 0x00,
  0x94, 0x0e, 0x00, 0x00, 0x60, 0x0e, 0x00, 0x00, 0x24, 0x0e, 0x00, 0x00, 0xec, 0x0d, 0x00, 0x00,
  0xb8, 0x0d, 0x00, 0x00, 0x7c, 0x0d, 0x00, 0x00, 0x44, 0x0d, 0x00, 0x00, 0x10, 0x0d, 0x00, 0x00,
  0xd8, 0x0c, 0x00, 0x00, 0xa0, 0x0c, 0x00, 0x00, 0x68, 0x0c, 0x00, 0x00, 0x2c, 0x0c, 0x00, 0x00,
  0xf4, 0x0b, 0x00, 0x00, 0xb8, 0x0b, 0x00, 0x00, 0x80, 0x0b, 0x00, 0x00, 0x40, 0x0b, 0x00, 0x00,
  0x08, 0x0b, 0x00, 0x00, 0xd4, 0x0a, 0x00, 0x00, 0x94, 0x0a, 0x00, 0x00, 0x5c, 0x0a, 0x00, 0x00,
  0x28, 0x0a, 0x00, 0x00, 0xe8, 0x09, 0x00, 0x00, 0xb0, 0x09, 0x00, 0x00, 0x7c, 0x09, 0x00, 0x00,
  0x3c, 0x09, 0x00, 0x00, 0x04, 0x09, 0x00, 0x00, 0xd0, 0x08, 0x00, 0x00, 0x90, 0x08, 0x00, 0x00,
  0x58, 0x08, 0x00, 0x00, 0x24, 0x08, 0x00, 0x00, 0xe4, 0x07, 0x00, 0x00, 0xac, 0x07, 0x00, 0x00,
  0x78, 0x07, 0x00, 0x00, 0x3c, 0x07, 0x00, 0x00, 0x04, 0x07, 0x00, 0x00, 0xd0, 0x06, 0x00, 0x00,
  0x94, 0x06, 0x00, 0x00, 0x5c, 0x06, 0x00, 0x00, 0x28, 0x06, 0x00, 0x00, 0xf0, 0x05, 0x00, 0x00,
  0xb8, 0x05, 0x00, 0x00, 0x78, 0x05, 0x00, 0x00, 0x40, 0x05, 0x00, 0x00, 0x08, 0x05, 0x00, 0x00,
  0xcc, 0x04, 0x00, 0x00, 0x94, 0x04, 0x00, 0x00, 0x5c, 0x04, 0x00, 0x00, 0x24, 0x04, 0x00, 0x00,
  0xec, 0x03, 0x00, 0x00, 0xb4, 0x03, 0x00, 0x00, 0x7c, 0x03, 0x00, 0x00, 0x44, 0x03, 0x00, 0x00,
  0xf0, 0x02, 0x00, 0x00, 0xb0, 0x02, 0x00, 0x00, 0x78, 0x02, 0x00, 0x00, 0x40, 0x02, 0x00, 0x00,
  0x00, 0x02, 0x00, 0x00, 0xc8, 0x01, 0x00, 0x00, 0x90, 0x01, 0x00, 0x00, 0x58, 0x01, 0x00, 0x00,
  0x20, 0x01, 0x00, 0x00, 0xe8, 0x00, 0x00, 0x00, 0xb0, 0x00, 0x00, 0x00, 0x78, 0x00, 0x00, 0x00,
  0x40, 0x00, 0x00, 0x00, 0x04, 0x00, 0x00, 0x00, 0x16, 0xe5, 0xff, 0xff, 0x00, 0x00, 0x00, 0x01,
  0x10, 0x00, 0x00, 0x00, 0x10, 0x00, 0x00, 0x00, 0x7f, 0x00, 0x00, 0x00, 0x18, 0x00, 0x00, 0x00,
  0x18, 0xe4, 0xff, 0xff, 0x08, 0x00, 0x00, 0x00, 0x49, 0x64, 0x65, 0x6e, 0x74, 0x69, 0x74, 0x79,
  0x00, 0x00, 0x00, 0x00, 0x02, 0x00, 0x00, 0x00, 0x01, 0x00, 0x00, 0x00, 0x06, 0x00, 0x00, 0x00,
  0x4e, 0xe5, 0xff, 0xff, 0x00, 0x00, 0x00, 0x01, 0x10, 0x00, 0x00, 0x00, 0x10, 0x00, 0x00, 0x00,
  0x7e, 0x00, 0x00, 0x00, 0x14, 0x00, 0x00, 0x00, 0x50, 0xe4, 0xff, 0xff, 0x06, 0x00, 0x00, 0x00,
  0x4d, 0x65, 0x61, 0x6e, 0x5f, 0x34, 0x00, 0x00, 0x02, 0x00, 0x00, 0x00, 0x01, 0x00, 0x00, 0x00,
  0x10, 0x00, 0x00, 0x00, 0x82, 0xe5, 0xff, 0xff, 0x00, 0x00, 0x00, 0x01, 0x10, 0x00, 0x00, 0x00,
  0x10, 0x00, 0x00, 0x00, 0x7d, 0x00, 0x00, 0x00, 0x14, 0x00, 0x00, 0x00, 0x84, 0xe4, 0xff, 0xff,
  0x06, 0x00, 0x00, 0x00, 0x61, 0x64, 0x64, 0x5f, 0x31, 0x31, 0x00, 0x00, 0x02, 0x00, 0x00, 0x00,
  0x50, 0x00, 0x00, 0x00, 0x10, 0x00, 0x00, 0x00, 0xb6, 0xe5, 0xff, 0xff, 0x00, 0x00, 0x00, 0x01,
  0x10, 0x00, 0x00, 0x00, 0x10, 0x00, 0x00, 0x00, 0x7c, 0x00, 0x00, 0x00, 0x14, 0x00, 0x00, 0x00,
  0xb8, 0xe4, 0xff, 0xff, 0x06, 0x00, 0x00, 0x00, 0x6d, 0x75, 0x6c, 0x5f, 0x32, 0x31, 0x00, 0x00,
  0x02, 0x00, 0x00, 0x00, 0x50, 0x00, 0x00, 0x00, 0x10, 0x00, 0x00, 0x00, 0xea, 0xe5, 0xff, 0xff,
  0x00, 0x00, 0x00, 0x01, 0x10, 0x00, 0x00, 0x00, 0x10, 0x00, 0x00, 0x00, 0x7b, 0x00, 0x00, 0x00,
  0x14, 0x00, 0x00, 0x00, 0xec, 0xe4, 0xff, 0xff, 0x06, 0x00, 0x00, 0x00, 0x6d, 0x75, 0x6c, 0x5f,
  0x32, 0x30, 0x00, 0x00, 0x02, 0x00, 0x00, 0x00, 0x50, 0x00, 0x00, 0x00, 0x10, 0x00, 0x00, 0x00,
  0x1e, 0xe6, 0xff, 0xff, 0x00, 0x00, 0x00, 0x01, 0x10, 0x00, 0x00, 0x00, 0x10, 0x00, 0x00, 0x00,
  0x7a, 0x00, 0x00, 0x00, 0x14, 0x00, 0x00, 0x00, 0x20, 0xe5, 0xff, 0xff, 0x05, 0x00, 0x00, 0x00,
  0x73, 0x75, 0x62, 0x5f, 0x33, 0x00, 0x00, 0x00, 0x02, 0x00, 0x00, 0x00, 0x50, 0x00, 0x00, 0x00,
  0x10, 0x00, 0x00, 0x00, 0x52, 0xe6, 0xff, 0xff, 0x00, 0x00, 0x00, 0x01, 0x10, 0x00, 0x00, 0x00,
  0x10, 0x00, 0x00, 0x00, 0x79, 0x00, 0x00, 0x00, 0x14, 0x00, 0x00, 0x00, 0x54, 0xe5, 0xff, 0xff,
  0x07, 0x00, 0x00, 0x00, 0x52, 0x73, 0x71, 0x72, 0x74, 0x5f, 0x31, 0x00, 0x02, 0x00, 0x00, 0x00,
  0x50, 0x00, 0x00, 0x00, 0x01, 0x00, 0x00, 0x00, 0x86, 0xe6, 0xff, 0xff, 0x00, 0x00, 0x00, 0x01,
  0x10, 0x00, 0x00, 0x00, 0x10, 0x00, 0x00, 0x00, 0x78, 0x00, 0x00, 0x00, 0x14, 0x00, 0x00, 0x00,
  0x88, 0xe5, 0xff, 0xff, 0x06, 0x00, 0x00, 0x00, 0x61, 0x64, 0x64, 0x5f, 0x31, 0x30, 0x00, 0x00,
  0x02, 0x00, 0x00, 0x00, 0x50, 0x00, 0x00, 0x00, 0x01, 0x00, 0x00, 0x00, 0xba, 0xe6, 0xff, 0xff,
  0x00, 0x00, 0x00, 0x01, 0x10, 0x00, 0x00, 0x00, 0x10, 0x00, 0x00, 0x00, 0x77, 0x00, 0x00, 0x00,
  0x14, 0x00, 0x00, 0x00, 0xbc, 0xe5, 0xff, 0xff, 0x06, 0x00, 0x00, 0x00, 0x4d, 0x65, 0x61, 0x6e,
  0x5f, 0x33, 0x00, 0x00, 0x02, 0x00, 0x00, 0x00, 0x50, 0x00, 0x00, 0x00, 0x01, 0x00, 0x00, 0x00,
  0xee, 0xe6, 0xff, 0xff, 0x00, 0x00, 0x00, 0x01, 0x10, 0x00, 0x00, 0x00, 0x10, 0x00, 0x00, 0x00,
  0x76, 0x00, 0x00, 0x00, 0x1c, 0x00, 0x00, 0x00, 0xf0, 0xe5, 0xff, 0xff, 0x0e, 0x00, 0x00, 0x00,
  0x53, 0x71, 0x75, 0x61, 0x72, 0x65, 0x5f, 0x31, 0x3b, 0x73, 0x75, 0x62, 0x5f, 0x32, 0x00, 0x00,
  0x02, 0x00, 0x00, 0x00, 0x50, 0x00, 0x00, 0x00, 0x10, 0x00, 0x00, 0x00, 0x2a, 0xe7, 0xff, 0xff,
  0x00, 0x00, 0x00, 0x01, 0x10, 0x00, 0x00, 0x00, 0x10, 0x00, 0x00, 0x00, 0x75, 0x00, 0x00, 0x00,
  0x14, 0x00, 0x00, 0x00, 0x2c, 0xe6, 0xff, 0xff, 0x06, 0x00, 0x00, 0x00, 0x4d, 0x65, 0x61, 0x6e,
  0x5f, 0x32, 0x00, 0x00, 0x02, 0x00, 0x00, 0x00, 0x50, 0x00, 0x00, 0x00, 0x01, 0x00, 0x00, 0x00,
  0x5e, 0xe7, 0xff, 0xff, 0x00, 0x00, 0x00, 0x01, 0x10, 0x00, 0x00, 0x00, 0x10, 0x00, 0x00, 0x00,
  0x74, 0x00, 0x00, 0x00, 0x14, 0x00, 0x00, 0x00, 0x60, 0xe6, 0xff, 0xff, 0x05, 0x00, 0x00, 0x00,
  0x61, 0x64, 0x64, 0x5f, 0x39, 0x00, 0x00, 0x00, 0x02, 0x00, 0x00, 0x00, 0x50, 0x00, 0x00, 0x00,
  0x10, 0x00, 0x00, 0x00, 0x92, 0xe7, 0xff, 0xff, 0x00, 0x00, 0x00, 0x01, 0x10, 0x00, 0x00, 0x00,
  0x10, 0x00, 0x00, 0x00, 0x73, 0x00, 0x00, 0x00, 0x1c, 0x00, 0x00, 0x00, 0x94, 0xe6, 0xff, 0xff,
  0x0e, 0x00, 0x00, 0x00, 0x4d, 0x61, 0x74, 0x4d, 0x75, 0x6c, 0x5f, 0x36, 0x3b, 0x61, 0x64, 0x64,
  0x5f, 0x38, 0x00, 0x00, 0x02, 0x00, 0x00, 0x00, 0x50, 0x00, 0x00, 0x00, 0x10, 0x00, 0x00, 0x00,
  0xce, 0xe7, 0xff, 0xff, 0x00, 0x00, 0x00, 0x01, 0x10, 0x00, 0x00, 0x00, 0x10, 0x00, 0x00, 0x00,
  0x72, 0x00, 0x00, 0x00, 0x30, 0x00, 0x00, 0x00, 0xd0, 0xe6, 0xff, 0xff, 0x20, 0x00, 0x00, 0x00,
  0x6d, 0x75, 0x6c, 0x5f, 0x31, 0x39, 0x3b, 0x61, 0x64, 0x64, 0x5f, 0x36, 0x3b, 0x4d, 0x61, 0x74,
  0x4d, 0x75, 0x6c, 0x5f, 0x35, 0x3b, 0x52, 0x65, 0x6c, 0x75, 0x3b, 0x61, 0x64, 0x64, 0x5f, 0x37,
  0x00, 0x00, 0x00, 0x00, 0x02, 0x00, 0x00, 0x00, 0x50, 0x00, 0x00, 0x00, 0x20, 0x00, 0x00, 0x00,
  0x1e, 0xe8, 0xff, 0xff, 0x00, 0x00, 0x00, 0x01, 0x10, 0x00, 0x00, 0x00, 0x10, 0x00, 0x00, 0x00,
  0x71, 0x00, 0x00, 0x00, 0x14, 0x00, 0x00, 0x00, 0x20, 0xe7, 0xff, 0xff, 0x05, 0x00, 0x00, 0x00,
  0x61, 0x64, 0x64, 0x5f, 0x36, 0x00, 0x00, 0x00, 0x02, 0x00, 0x00, 0x00, 0x50, 0x00, 0x00, 0x00,
  0x10, 0x00, 0x00, 0x00, 0x52, 0xe8, 0xff, 0xff, 0x00, 0x00, 0x00, 0x01, 0x10, 0x00, 0x00, 0x00,
  0x10, 0x00, 0x00, 0x00, 0x70, 0x00, 0x00, 0x00, 0x14, 0x00, 0x00, 0x00, 0x54, 0xe7, 0xff, 0xff,
  0x06, 0x00, 0x00, 0x00, 0x6d, 0x75, 0x6c, 0x5f, 0x31, 0x39, 0x00, 0x00, 0x02, 0x00, 0x00, 0x00,
  0x50, 0x00, 0x00, 0x00, 0x10, 0x00, 0x00, 0x00, 0x86, 0xe8, 0xff, 0xff, 0x00, 0x00, 0x00, 0x01,
  0x10, 0x00, 0x00, 0x00, 0x10, 0x00, 0x00, 0x00, 0x6f, 0x00, 0x00, 0x00, 0x14, 0x00, 0x00, 0x00,
  0x88, 0xe7, 0xff, 0xff, 0x06, 0x00, 0x00, 0x00, 0x6d, 0x75, 0x6c, 0x5f, 0x31, 0x38, 0x00, 0x00,
  0x02, 0x00, 0x00, 0x00, 0x50, 0x00, 0x00, 0x00, 0x10, 0x00, 0x00, 0x00, 0xba, 0xe8, 0xff, 0xff,
  0x00, 0x00, 0x00, 0x01, 0x10, 0x00, 0x00, 0x00, 0x10, 0x00, 0x00, 0x00, 0x6e, 0x00, 0x00, 0x00,
  0x14, 0x00, 0x00, 0x00, 0xbc, 0xe7, 0xff, 0xff, 0x05, 0x00, 0x00, 0x00, 0x73, 0x75, 0x62, 0x5f,
  0x31, 0x00, 0x00, 0x00, 0x02, 0x00, 0x00, 0x00, 0x50, 0x00, 0x00, 0x00, 0x10, 0x00, 0x00, 0x00,
  0xee, 0xe8, 0xff, 0xff, 0x00, 0x00, 0x00, 0x01, 0x10, 0x00, 0x00, 0x00, 0x10, 0x00, 0x00, 0x00,
  0x6d, 0x00, 0x00, 0x00, 0x14, 0x00, 0x00, 0x00, 0xf0, 0xe7, 0xff, 0xff, 0x05, 0x00, 0x00, 0x00,
  0x52, 0x73, 0x71, 0x72, 0x74, 0x00, 0x00, 0x00, 0x02, 0x00, 0x00, 0x00, 0x50, 0x00, 0x00, 0x00,
  0x01, 0x00, 0x00, 0x00, 0x22, 0xe9, 0xff, 0xff, 0x00, 0x00, 0x00, 0x01, 0x10, 0x00, 0x00, 0x00,
  0x10, 0x00, 0x00, 0x00, 0x6c, 0x00, 0x00, 0x00, 0x14, 0x00, 0x00, 0x00, 0x24, 0xe8, 0xff, 0xff,
  0x05, 0x00, 0x00, 0x00, 0x61, 0x64, 0x64, 0x5f, 0x35, 0x00, 0x00, 0x00, 0x02, 0x00, 0x00, 0x00,
  0x50, 0x00, 0x00, 0x00, 0x01, 0x00, 0x00, 0x00, 0x56, 0xe9, 0xff, 0xff, 0x00, 0x00, 0x00, 0x01,
  0x10, 0x00, 0x00, 0x00, 0x10, 0x00, 0x00, 0x00, 0x6b, 0x00, 0x00, 0x00, 0x14, 0x00, 0x00, 0x00,
  0x58, 0xe8, 0xff, 0xff, 0x06, 0x00, 0x00, 0x00, 0x4d, 0x65, 0x61, 0x6e, 0x5f, 0x31, 0x00, 0x00,
  0x02, 0x00, 0x00, 0x00, 0x50, 0x00, 0x00, 0x00, 0x01, 0x00, 0x00, 0x00, 0x8a, 0xe9, 0xff, 0xff,
  0x00, 0x00, 0x00, 0x01, 0x10, 0x00, 0x00, 0x00, 0x10, 0x00, 0x00, 0x00, 0x6a, 0x00, 0x00, 0x00,
  0x18, 0x00, 0x00, 0x00, 0x8c, 0xe8, 0xff, 0xff, 0x0a, 0x00, 0x00, 0x00, 0x53, 0x71, 0x75, 0x61,
  0x72, 0x65, 0x3b, 0x73, 0x75, 0x62, 0x00, 0x00, 0x02, 0x00, 0x00, 0x00, 0x50, 0x00, 0x00, 0x00,
  0x10, 0x00, 0x00, 0x00, 0xc2, 0xe9, 0xff, 0xff, 0x00, 0x00, 0x00, 0x01, 0x10, 0x00, 0x00, 0x00,
  0x10, 0x00, 0x00, 0x00, 0x69, 0x00, 0x00, 0x00, 0x14, 0x00, 0x00, 0x00, 0xc4, 0xe8, 0xff, 0xff,
  0x04, 0x00, 0x00, 0x00, 0x4d, 0x65, 0x61, 0x6e, 0x00, 0x00, 0x00, 0x00, 0x02, 0x00, 0x00, 0x00,
  0x50, 0x00, 0x00, 0x00, 0x01, 0x00, 0x00, 0x00, 0xf6, 0xe9, 0xff, 0xff, 0x00, 0x00, 0x00, 0x01,
  0x10, 0x00, 0x00, 0x00, 0x10, 0x00, 0x00, 0x00, 0x68, 0x00, 0x00, 0x00, 0x14, 0x00, 0x00, 0x00,
  0xf8, 0xe8, 0xff, 0xff, 0x05, 0x00, 0x00, 0x00, 0x61, 0x64, 0x64, 0x5f, 0x34, 0x00, 0x00, 0x00,
  0x02, 0x00, 0x00, 0x00, 0x50, 0x00, 0x00, 0x00, 0x10, 0x00, 0x00, 0x00, 0x2a, 0xea, 0xff, 0xff,
  0x00, 0x00, 0x00, 0x01, 0x10, 0x00, 0x00, 0x00, 0x10, 0x00, 0x00, 0x00, 0x67, 0x00, 0x00, 0x00,
  0x1c, 0x00, 0x00, 0x00, 0x2c, 0xe9, 0xff, 0xff, 0x0e, 0x00, 0x00, 0x00, 0x4d, 0x61, 0x74, 0x4d,
  0x75, 0x6c, 0x5f, 0x34, 0x3b, 0x61, 0x64, 0x64, 0x5f, 0x33, 0x00, 0x00, 0x02, 0x00, 0x00, 0x00,
  0x50, 0x00, 0x00, 0x00, 0x10, 0x00, 0x00, 0x00, 0x66, 0xea, 0xff, 0xff, 0x00, 0x00, 0x00, 0x01,
  0x10, 0x00, 0x00, 0x00, 0x10, 0x00, 0x00, 0x00, 0x66, 0x00, 0x00, 0x00, 0x14, 0x00, 0x00, 0x00,
  0x68, 0xe9, 0xff, 0xff, 0x06, 0x00, 0x00, 0x00, 0x63, 0x6f, 0x6e, 0x63, 0x61, 0x74, 0x00, 0x00,
  0x02, 0x00, 0x00, 0x00, 0x50, 0x00, 0x00, 0x00, 0x10, 0x00, 0x00, 0x00, 0x9a, 0xea, 0xff, 0xff,
  0x00, 0x00, 0x00, 0x01, 0x10, 0x00, 0x00, 0x00, 0x10, 0x00, 0x00, 0x00, 0x65, 0x00, 0x00, 0x00,
  0x14, 0x00, 0x00, 0x00, 0x9c, 0xe9, 0xff, 0xff, 0x07, 0x00, 0x00, 0x00, 0x73, 0x74, 0x61, 0x63,
  0x6b, 0x5f, 0x31, 0x00, 0x02, 0x00, 0x00, 0x00, 0x50, 0x00, 0x00, 0x00, 0x08, 0x00, 0x00, 0x00,
  0xce, 0xea, 0xff, 0xff, 0x00, 0x00, 0x00, 0x01, 0x10, 0x00, 0x00, 0x00, 0x10, 0x00, 0x00, 0x00,
  0x64, 0x00, 0x00, 0x00, 0x14, 0x00, 0x00, 0x00, 0xd0, 0xe9, 0xff, 0xff, 0x05, 0x00, 0x00, 0x00,
  0x53, 0x75, 0x6d, 0x5f, 0x39, 0x00, 0x00, 0x00, 0x01, 0x00, 0x00, 0x00, 0x50, 0x00, 0x00, 0x00,
  0xfe, 0xea, 0xff, 0xff, 0x00, 0x00, 0x00, 0x01, 0x10, 0x00, 0x00, 0x00, 0x10, 0x00, 0x00, 0x00,
  0x63, 0x00, 0x00, 0x00, 0x14, 0x00, 0x00, 0x00, 0x00, 0xea, 0xff, 0xff, 0x06, 0x00, 0x00, 0x00,
  0x6d, 0x75, 0x6c, 0x5f, 0x31, 0x31, 0x00, 0x00, 0x02, 0x00, 0x00, 0x00, 0x50, 0x00, 0x00, 0x00,
  0x50, 0x00, 0x00, 0x00, 0x32, 0xeb, 0xff, 0xff, 0x00, 0x00, 0x00, 0x01, 0x10, 0x00, 0x00, 0x00,
  0x10, 0x00, 0x00, 0x00, 0x62, 0x00, 0x00, 0x00, 0x1c, 0x00, 0x00, 0x00, 0x34, 0xea, 0xff, 0xff,
  0x0f, 0x00, 0x00, 0x00, 0x73, 0x74, 0x72, 0x69, 0x64, 0x65, 0x64, 0x5f, 0x73, 0x6c, 0x69, 0x63,
  0x65, 0x5f, 0x39, 0x00, 0x01, 0x00, 0x00, 0x00, 0x50, 0x00, 0x00, 0x00, 0x6a, 0xeb, 0xff, 0xff,
  0x00, 0x00, 0x00, 0x01, 0x10, 0x00, 0x00, 0x00, 0x10, 0x00, 0x00, 0x00, 0x61, 0x00, 0x00, 0x00,
  0x14, 0x00, 0x00, 0x00, 0x6c, 0xea, 0xff, 0xff, 0x05, 0x00, 0x00, 0x00, 0x53, 0x75, 0x6d, 0x5f,
  0x38, 0x00, 0x00, 0x00, 0x01, 0x00, 0x00, 0x00, 0x50, 0x00, 0x00, 0x00, 0x9a, 0xeb, 0xff, 0xff,
  0x00, 0x00, 0x00, 0x01, 0x10, 0x00, 0x00, 0x00, 0x10, 0x00, 0x00, 0x00, 0x60, 0x00, 0x00, 0x00,
  0x14, 0x00, 0x00, 0x00, 0x9c, 0xea, 0xff, 0xff, 0x06, 0x00, 0x00, 0x00, 0x6d, 0x75, 0x6c, 0x5f,
  0x31, 0x30, 0x00, 0x00, 0x02, 0x00, 0x00, 0x00, 0x50, 0x00, 0x00, 0x00, 0x50, 0x00, 0x00, 0x00,
  0xce, 0xeb, 0xff, 0xff, 0x00, 0x00, 0x00, 0x01, 0x10, 0x00, 0x00, 0x00, 0x10, 0x00, 0x00, 0x00,
  0x5f, 0x00, 0x00, 0x00, 0x1c, 0x00, 0x00, 0x00, 0xd0, 0xea, 0xff, 0xff, 0x0f, 0x00, 0x00, 0x00,
  0x73, 0x74, 0x72, 0x69, 0x64, 0x65, 0x64, 0x5f, 0x73, 0x6c, 0x69, 0x63, 0x65, 0x5f, 0x38, 0x00,
  0x01, 0x00, 0x00, 0x00, 0x50, 0x00, 0x00, 0x00, 0x06, 0xec, 0xff, 0xff, 0x00, 0x00, 0x00, 0x01,
  0x10, 0x00, 0x00, 0x00, 0x10, 0x00, 0x00, 0x00, 0x5e, 0x00, 0x00, 0x00, 0x14, 0x00, 0x00, 0x00,
  0x08, 0xeb, 0xff, 0xff, 0x06, 0x00, 0x00, 0x00, 0x53, 0x75, 0x6d, 0x5f, 0x31, 0x35, 0x00, 0x00,
  0x01, 0x00, 0x00, 0x00, 0x50, 0x00, 0x00, 0x00, 0x36, 0xec, 0xff, 0xff, 0x00, 0x00, 0x00, 0x01,
  0x10, 0x00, 0x00, 0x00, 0x10, 0x00, 0x00, 0x00, 0x5d, 0x00, 0x00, 0x00, 0x14, 0x00, 0x00, 0x00,
  0x38, 0xeb, 0xff, 0xff, 0x06, 0x00, 0x00, 0x00, 0x6d, 0x75, 0x6c, 0x5f, 0x31, 0x37, 0x00, 0x00,
  0x02, 0x00, 0x00, 0x00, 0x50, 0x00, 0x00, 0x00, 0x50, 0x00, 0x00, 0x00, 0x6a, 0xec, 0xff, 0xff,
  0x00, 0x00, 0x00, 0x01, 0x10, 0x00, 0x00, 0x00, 0x10, 0x00, 0x00, 0x00, 0x5c, 0x00, 0x00, 0x00,
  0x20, 0x00, 0x00, 0x00, 0x6c, 0xeb, 0xff, 0xff, 0x10, 0x00, 0x00, 0x00, 0x73, 0x74, 0x72, 0x69,
  0x64, 0x65, 0x64, 0x5f, 0x73, 0x6c, 0x69, 0x63, 0x65, 0x5f, 0x31, 0x35, 0x00, 0x00, 0x00, 0x00,
  0x01, 0x00, 0x00, 0x00, 0x50, 0x00, 0x00, 0x00, 0xa6, 0xec, 0xff, 0xff, 0x00, 0x00, 0x00, 0x01,
  0x10, 0x00, 0x00, 0x00, 0x10, 0x00, 0x00, 0x00, 0x5b, 0x00, 0x00, 0x00, 0x14, 0x00, 0x00, 0x00,
  0xa8, 0xeb, 0xff, 0xff, 0x06, 0x00, 0x00, 0x00, 0x53, 0x75, 0x6d, 0x5f, 0x31, 0x34, 0x00, 0x00,
  0x01, 0x00, 0x00, 0x00, 0x50, 0x00, 0x00, 0x00, 0xd6, 0xec, 0xff, 0xff, 0x00, 0x00, 0x00, 0x01,
  0x10, 0x00, 0x00, 0x00, 0x10, 0x00, 0x00, 0x00, 0x5a, 0x00, 0x00, 0x00, 0x14, 0x00, 0x00, 0x00,
  0xd8, 0xeb, 0xff, 0xff, 0x06, 0x00, 0x00, 0x00, 0x6d, 0x75, 0x6c, 0x5f, 0x31, 0x36, 0x00, 0x00,
  0x02, 0x00, 0x00, 0x00, 0x50, 0x00, 0x00, 0x00, 0x50, 0x00, 0x00, 0x00, 0x0a, 0xed, 0xff, 0xff,
  0x00, 0x00, 0x00, 0x01, 0x10, 0x00, 0x00, 0x00, 0x10, 0x00, 0x00, 0x00, 0x59, 0x00, 0x00, 0x00,
  0x20, 0x00, 0x00, 0x00, 0x0c, 0xec, 0xff, 0xff, 0x10, 0x00, 0x00, 0x00, 0x73, 0x74, 0x72, 0x69,
  0x64, 0x65, 0x64, 0x5f, 0x73, 0x6c, 0x69, 0x63, 0x65, 0x5f, 0x31, 0x34, 0x00, 0x00, 0x00, 0x00,
  0x01, 0x00, 0x00, 0x00, 0x50, 0x00, 0x00, 0x00, 0x46, 0xed, 0xff, 0xff, 0x00, 0x00, 0x00, 0x01,
  0x10, 0x00, 0x00, 0x00, 0x10, 0x00, 0x00, 0x00, 0x58, 0x00, 0x00, 0x00, 0x14, 0x00, 0x00, 0x00,
  0x48, 0xec, 0xff, 0xff, 0x06, 0x00, 0x00, 0x00, 0x53, 0x75, 0x6d, 0x5f, 0x31, 0x33, 0x00, 0x00,
  0x01, 0x00, 0x00, 0x00, 0x50, 0x00, 0x00, 0x00, 0x76, 0xed, 0xff, 0xff, 0x00, 0x00, 0x00, 0x01,
  0x10, 0x00, 0x00, 0x00, 0x10, 0x00, 0x00, 0x00, 0x57, 0x00, 0x00, 0x00, 0x14, 0x00, 0x00, 0x00,
  0x78, 0xec, 0xff, 0xff, 0x06, 0x00, 0x00, 0x00, 0x6d, 0x75, 0x6c, 0x5f, 0x31, 0x35, 0x00, 0x00,
  0x02, 0x00, 0x00, 0x00, 0x50, 0x00, 0x00, 0x00, 0x50, 0x00, 0x00, 0x00, 0xaa, 0xed, 0xff, 0xff,
  0x00, 0x00, 0x00, 0x01, 0x10, 0x00, 0x00, 0x00, 0x10, 0x00, 0x00, 0x00, 0x56, 0x00, 0x00, 0x00,
  0x20, 0x00, 0x00, 0x00, 0xac, 0xec, 0xff, 0xff, 0x10, 0x00, 0x00, 0x00, 0x73, 0x74, 0x72, 0x69,
  0x64, 0x65, 0x64, 0x5f, 0x73, 0x6c, 0x69, 0x63, 0x65, 0x5f, 0x31, 0x33, 0x00, 0x00, 0x00, 0x00,
  0x01, 0x00, 0x00, 0x00, 0x50, 0x00, 0x00, 0x00, 0xe6, 0xed, 0xff, 0xff, 0x00, 0x00, 0x00, 0x01,
  0x10, 0x00, 0x00, 0x00, 0x10, 0x00, 0x00, 0x00, 0x55, 0x00, 0x00, 0x00, 0x14, 0x00, 0x00, 0x00,
  0xe8, 0xec, 0xff, 0xff, 0x06, 0x00, 0x00, 0x00, 0x53, 0x75, 0x6d, 0x5f, 0x31, 0x32, 0x00, 0x00,
  0x01, 0x00, 0x00, 0x00, 0x50, 0x00, 0x00, 0x00, 0x16, 0xee, 0xff, 0xff, 0x00, 0x00, 0x00, 0x01,
  0x10, 0x00, 0x00, 0x00, 0x10, 0x00, 0x00, 0x00, 0x54, 0x00, 0x00, 0x00, 0x14, 0x00, 0x00, 0x00,
  0x18, 0xed, 0xff, 0xff, 0x06, 0x00, 0x00, 0x00, 0x6d, 0x75, 0x6c, 0x5f, 0x31, 0x34, 0x00, 0x00,
  0x02, 0x00, 0x00, 0x00, 0x50, 0x00, 0x00, 0x00, 0x50, 0x00, 0x00, 0x00, 0x4a, 0xee, 0xff, 0xff,
  0x00, 0x00, 0x00, 0x01, 0x10, 0x00, 0x00, 0x00, 0x10, 0x00, 0x00, 0x00, 0x53, 0x00, 0x00, 0x00,
  0x20, 0x00, 0x00, 0x00, 0x4c, 0xed, 0xff, 0xff, 0x10, 0x00, 0x00, 0x00, 0x73, 0x74, 0x72, 0x69,
  0x64, 0x65, 0x64, 0x5f, 0x73, 0x6c, 0x69, 0x63, 0x65, 0x5f, 0x31, 0x32, 0x00, 0x00, 0x00, 0x00,
  0x01, 0x00, 0x00, 0x00, 0x50, 0x00, 0x00, 0x00, 0x86, 0xee, 0xff, 0xff, 0x00, 0x00, 0x00, 0x01,
  0x10, 0x00, 0x00, 0x00, 0x10, 0x00, 0x00, 0x00, 0x52, 0x00, 0x00, 0x00, 0x14, 0x00, 0x00, 0x00,
  0x88, 0xed, 0xff, 0xff, 0x06, 0x00, 0x00, 0x00, 0x53, 0x75, 0x6d, 0x5f, 0x31, 0x31, 0x00, 0x00,
  0x01, 0x00, 0x00, 0x00, 0x50, 0x00, 0x00, 0x00, 0xb6, 0xee, 0xff, 0xff, 0x00, 0x00, 0x00, 0x01,
  0x10, 0x00, 0x00, 0x00, 0x10, 0x00, 0x00, 0x00, 0x51, 0x00, 0x00, 0x00, 0x14, 0x00, 0x00, 0x00,
  0xb8, 0xed, 0xff, 0xff, 0x06, 0x00, 0x00, 0x00, 0x6d, 0x75, 0x6c, 0x5f, 0x31, 0x33, 0x00, 0x00,
  0x02, 0x00, 0x00, 0x00, 0x50, 0x00, 0x00, 0x00, 0x50, 0x00, 0x00, 0x00, 0xea, 0xee, 0xff, 0xff,
  0x00, 0x00, 0x00, 0x01, 0x10, 0x00, 0x00, 0x00, 0x10, 0x00, 0x00, 0x00, 0x50, 0x00, 0x00, 0x00,
  0x20, 0x00, 0x00, 0x00, 0xec, 0xed, 0xff, 0xff, 0x10, 0x00, 0x00, 0x00, 0x73, 0x74, 0x72, 0x69,
  0x64, 0x65, 0x64, 0x5f, 0x73, 0x6c, 0x69, 0x63, 0x65, 0x5f, 0x31, 0x31, 0x00, 0x00, 0x00, 0x00,
  0x01, 0x00, 0x00, 0x00, 0x50, 0x00, 0x00, 0x00, 0x26, 0xef, 0xff, 0xff, 0x00, 0x00, 0x00, 0x01,
  0x10, 0x00, 0x00, 0x00, 0x10, 0x00, 0x00, 0x00, 0x4f, 0x00, 0x00, 0x00, 0x14, 0x00, 0x00, 0x00,
  0x28, 0xee, 0xff, 0xff, 0x06, 0x00, 0x00, 0x00, 0x53, 0x75, 0x6d, 0x5f, 0x31, 0x30, 0x00, 0x00,
  0x01, 0x00, 0x00, 0x00, 0x50, 0x00, 0x00, 0x00, 0x56, 0xef, 0xff, 0xff, 0x00, 0x00, 0x00, 0x01,
  0x10, 0x00, 0x00, 0x00, 0x10, 0x00, 0x00, 0x00, 0x4e, 0x00, 0x00, 0x00, 0x14, 0x00, 0x00, 0x00,
  0x58, 0xee, 0xff, 0xff, 0x06, 0x00, 0x00, 0x00, 0x6d, 0x75, 0x6c, 0x5f, 0x31, 0x32, 0x00, 0x00,
  0x02, 0x00, 0x00, 0x00, 0x50, 0x00, 0x00, 0x00, 0x50, 0x00, 0x00, 0x00, 0x8a, 0xef, 0xff, 0xff,
  0x00, 0x00, 0x00, 0x01, 0x10, 0x00, 0x00, 0x00, 0x10, 0x00, 0x00, 0x00, 0x4d, 0x00, 0x00, 0x00,
  0x20, 0x00, 0x00, 0x00, 0x8c, 0xee, 0xff, 0xff, 0x10, 0x00, 0x00, 0x00, 0x73, 0x74, 0x72, 0x69,
  0x64, 0x65, 0x64, 0x5f, 0x73, 0x6c, 0x69, 0x63, 0x65, 0x5f, 0x31, 0x30, 0x00, 0x00, 0x00, 0x00,
  0x01, 0x00, 0x00, 0x00, 0x50, 0x00, 0x00, 0x00, 0xc6, 0xef, 0xff, 0xff, 0x00, 0x00, 0x00, 0x01,
  0x10, 0x00, 0x00, 0x00, 0x10, 0x00, 0x00, 0x00, 0x4c, 0x00, 0x00, 0x00, 0x14, 0x00, 0x00, 0x00,
  0xc8, 0xee, 0xff, 0xff, 0x07, 0x00, 0x00, 0x00, 0x53, 0x6c, 0x69, 0x63, 0x65, 0x5f, 0x35, 0x00,
  0x02, 0x00, 0x00, 0x00, 0x50, 0x00, 0x00, 0x00, 0x08, 0x00, 0x00, 0x00, 0xfa, 0xef, 0xff, 0xff,
  0x00, 0x00, 0x00, 0x01, 0x10, 0x00, 0x00, 0x00, 0x10, 0x00, 0x00, 0x00, 0x4b, 0x00, 0x00, 0x00,
  0x18, 0x00, 0x00, 0x00, 0xfc, 0xee, 0xff, 0xff, 0x09, 0x00, 0x00, 0x00, 0x53, 0x6f, 0x66, 0x74,
  0x6d, 0x61, 0x78, 0x5f, 0x31, 0x00, 0x00, 0x00, 0x02, 0x00, 0x00, 0x00, 0x50, 0x00, 0x00, 0x00,
  0x50, 0x00, 0x00, 0x00, 0x32, 0xf0, 0xff, 0xff, 0x00, 0x00, 0x00, 0x01, 0x10, 0x00, 0x00, 0x00,
  0x10, 0x00, 0x00, 0x00, 0x4a, 0x00, 0x00, 0x00, 0x14, 0x00, 0x00, 0x00, 0x34, 0xef, 0xff, 0xff,
  0x05, 0x00, 0x00, 0x00, 0x6d, 0x75, 0x6c, 0x5f, 0x39, 0x00, 0x00, 0x00, 0x02, 0x00, 0x00, 0x00,
  0x50, 0x00, 0x00, 0x00, 0x50, 0x00, 0x00, 0x00, 0x66, 0xf0, 0xff, 0xff, 0x00, 0x00, 0x00, 0x01,
  0x10, 0x00, 0x00, 0x00, 0x10, 0x00, 0x00, 0x00, 0x49, 0x00, 0x00, 0x00, 0x18, 0x00, 0x00, 0x00,
  0x68, 0xef, 0xff, 0xff, 0x08, 0x00, 0x00, 0x00, 0x4d, 0x61, 0x74, 0x4d, 0x75, 0x6c, 0x5f, 0x33,
  0x00, 0x00, 0x00, 0x00, 0x02, 0x00, 0x00, 0x00, 0x50, 0x00, 0x00, 0x00, 0x50, 0x00, 0x00, 0x00,
  0x9e, 0xf0, 0xff, 0xff, 0x00, 0x00, 0x00, 0x01, 0x10, 0x00, 0x00, 0x00, 0x10, 0x00, 0x00, 0x00,
  0x48, 0x00, 0x00, 0x00, 0x14, 0x00, 0x00, 0x00, 0xa0, 0xef, 0xff, 0xff, 0x07, 0x00, 0x00, 0x00,
  0x53, 0x6c, 0x69, 0x63, 0x65, 0x5f, 0x34, 0x00, 0x02, 0x00, 0x00, 0x00, 0x50, 0x00, 0x00, 0x00,
  0x08, 0x00, 0x00, 0x00, 0xd2, 0xf0, 0xff, 0xff, 0x00, 0x00, 0x00, 0x01, 0x10, 0x00, 0x00, 0x00,
  0x10, 0x00, 0x00, 0x00, 0x47, 0x00, 0x00, 0x00, 0x14, 0x00, 0x00, 0x00, 0xd4, 0xef, 0xff, 0xff,
  0x07, 0x00, 0x00, 0x00, 0x53, 0x6c, 0x69, 0x63, 0x65, 0x5f, 0x33, 0x00, 0x02, 0x00, 0x00, 0x00,
  0x50, 0x00, 0x00, 0x00, 0x08, 0x00, 0x00, 0x00, 0x06, 0xf1, 0xff, 0xff, 0x00, 0x00, 0x00, 0x01,
  0x10, 0x00, 0x00, 0x00, 0x10, 0x00, 0x00, 0x00, 0x46, 0x00, 0x00, 0x00, 0x14, 0x00, 0x00, 0x00,
  0x08, 0xf0, 0xff, 0xff, 0x05, 0x00, 0x00, 0x00, 0x73, 0x74, 0x61, 0x63, 0x6b, 0x00, 0x00, 0x00,
  0x02, 0x00, 0x00, 0x00, 0x50, 0x00, 0x00, 0x00, 0x08, 0x00, 0x00, 0x00, 0x3a, 0xf1, 0xff, 0xff,
  0x00, 0x00, 0x00, 0x01, 0x10, 0x00, 0x00, 0x00, 0x10, 0x00, 0x00, 0x00, 0x45, 0x00, 0x00, 0x00,
  0x14, 0x00, 0x00, 0x00, 0x3c, 0xf0, 0xff, 0xff, 0x05, 0x00, 0x00, 0x00, 0x53, 0x75, 0x6d, 0x5f,
  0x37, 0x00, 0x00, 0x00, 0x01, 0x00, 0x00, 0x00, 0x50, 0x00, 0x00, 0x00, 0x6a, 0xf1, 0xff, 0xff,
  0x00, 0x00, 0x00, 0x01, 0x10, 0x00, 0x00, 0x00, 0x10, 0x00, 0x00, 0x00, 0x44, 0x00, 0x00, 0x00,
  0x14, 0x00, 0x00, 0x00, 0x6c, 0xf0, 0xff, 0xff, 0x05, 0x00, 0x00, 0x00, 0x6d, 0x75, 0x6c, 0x5f,
  0x38, 0x00, 0x00, 0x00, 0x02, 0x00, 0x00, 0x00, 0x50, 0x00, 0x00, 0x00, 0x50, 0x00, 0x00, 0x00,
  0x9e, 0xf1, 0xff, 0xff, 0x00, 0x00, 0x00, 0x01, 0x10, 0x00, 0x00, 0x00, 0x10, 0x00, 0x00, 0x00,
  0x43, 0x00, 0x00, 0x00, 0x1c, 0x00, 0x00, 0x00, 0xa0, 0xf0, 0xff, 0xff, 0x0f, 0x00, 0x00, 0x00,
  0x73, 0x74, 0x72, 0x69, 0x64, 0x65, 0x64, 0x5f, 0x73, 0x6c, 0x69, 0x63, 0x65, 0x5f, 0x37, 0x00,
  0x01, 0x00, 0x00, 0x00, 0x50, 0x00, 0x00, 0x00, 0xd6, 0xf1, 0xff, 0xff, 0x00, 0x00, 0x00, 0x01,
  0x10, 0x00, 0x00, 0x00, 0x10, 0x00, 0x00, 0x00, 0x42, 0x00, 0x00, 0x00, 0x14, 0x00, 0x00, 0x00,
  0xd8, 0xf0, 0xff, 0xff, 0x05, 0x00, 0x00, 0x00, 0x53, 0x75, 0x6d, 0x5f, 0x36, 0x00, 0x00, 0x00,
  0x01, 0x00, 0x00, 0x00, 0x50, 0x00, 0x00, 0x00, 0x06, 0xf2, 0xff, 0xff, 0x00, 0x00, 0x00, 0x01,
  0x10, 0x00, 0x00, 0x00, 0x10, 0x00, 0x00, 0x00, 0x41, 0x00, 0x00, 0x00, 0x14, 0x00, 0x00, 0x00,
  0x08, 0xf1, 0xff, 0xff, 0x05, 0x00, 0x00, 0x00, 0x6d, 0x75, 0x6c, 0x5f, 0x37, 0x00, 0x00, 0x00,
  0x02, 0x00, 0x00, 0x00, 0x50, 0x00, 0x00, 0x00, 0x50, 0x00, 0x00, 0x00, 0x3a, 0xf2, 0xff, 0xff,
  0x00, 0x00, 0x00, 0x01, 0x10, 0x00, 0x00, 0x00, 0x10, 0x00, 0x00, 0x00, 0x40, 0x00, 0x00, 0x00,
  0x1c, 0x00, 0x00, 0x00, 0x3c, 0xf1, 0xff, 0xff, 0x0f, 0x00, 0x00, 0x00, 0x73, 0x74, 0x72, 0x69,
  0x64, 0x65, 0x64, 0x5f, 0x73, 0x6c, 0x69, 0x63, 0x65, 0x5f, 0x36, 0x00, 0x01, 0x00, 0x00, 0x00,
  0x50, 0x00, 0x00, 0x00, 0x72, 0xf2, 0xff, 0xff, 0x00, 0x00, 0x00, 0x01, 0x10, 0x00, 0x00, 0x00,
  0x10, 0x00, 0x00, 0x00, 0x3f, 0x00, 0x00, 0x00, 0x14, 0x00, 0x00, 0x00, 0x74, 0xf1, 0xff, 0xff,
  0x05, 0x00, 0x00, 0x00, 0x53, 0x75, 0x6d, 0x5f, 0x35, 0x00, 0x00, 0x00, 0x01, 0x00, 0x00, 0x00,
  0x50, 0x00, 0x00, 0x00, 0xa2, 0xf2, 0xff, 0xff, 0x00, 0x00, 0x00, 0x01, 0x10, 0x00, 0x00, 0x00,
  0x10, 0x00, 0x00, 0x00, 0x3e, 0x00, 0x00, 0x00, 0x14, 0x00, 0x00, 0x00, 0xa4, 0xf1, 0xff, 0xff,
  0x05, 0x00, 0x00, 0x00, 0x6d, 0x75, 0x6c, 0x5f, 0x36, 0x00, 0x00, 0x00, 0x02, 0x00, 0x00, 0x00,
  0x50, 0x00, 0x00, 0x00, 0x50, 0x00, 0x00, 0x00, 0xd6, 0xf2, 0xff, 0xff, 0x00, 0x00, 0x00, 0x01,
  0x10, 0x00, 0x00, 0x00, 0x10, 0x00, 0x00, 0x00, 0x3d, 0x00, 0x00, 0x00, 0x1c, 0x00, 0x00, 0x00,
  0xd8, 0xf1, 0xff, 0xff, 0x0f, 0x00, 0x00, 0x00, 0x73, 0x74, 0x72, 0x69, 0x64, 0x65, 0x64, 0x5f,
  0x73, 0x6c, 0x69, 0x63, 0x65, 0x5f, 0x35, 0x00, 0x01, 0x00, 0x00, 0x00, 0x50, 0x00, 0x00, 0x00,
  0x0e, 0xf3, 0xff, 0xff, 0x00, 0x00, 0x00, 0x01, 0x10, 0x00, 0x00, 0x00, 0x10, 0x00, 0x00, 0x00,
  0x3c, 0x00, 0x00, 0x00, 0x14, 0x00, 0x00, 0x00, 0x10, 0xf2, 0xff, 0xff, 0x05, 0x00, 0x00, 0x00,
  0x53, 0x75, 0x6d, 0x5f, 0x34, 0x00, 0x00, 0x00, 0x01, 0x00, 0x00, 0x00, 0x50, 0x00, 0x00, 0x00,
  0x3e, 0xf3, 0xff, 0xff, 0x00, 0x00, 0x00, 0x01, 0x10, 0x00, 0x00, 0x00, 0x10, 0x00, 0x00, 0x00,
  0x3b, 0x00, 0x00, 0x00, 0x14, 0x00, 0x00, 0x00, 0x40, 0xf2, 0xff, 0xff, 0x05, 0x00, 0x00, 0x00,
  0x6d, 0x75, 0x6c, 0x5f, 0x35, 0x00, 0x00, 0x00, 0x02, 0x00, 0x00, 0x00, 0x50, 0x00, 0x00, 0x00,
  0x50, 0x00, 0x00, 0x00, 0x72, 0xf3, 0xff, 0xff, 0x00, 0x00, 0x00, 0x01, 0x10, 0x00, 0x00, 0x00,
  0x10, 0x00, 0x00, 0x00, 0x3a, 0x00, 0x00, 0x00, 0x1c, 0x00, 0x00, 0x00, 0x74, 0xf2, 0xff, 0xff,
  0x0f, 0x00, 0x00, 0x00, 0x73, 0x74, 0x72, 0x69, 0x64, 0x65, 0x64, 0x5f, 0x73, 0x6c, 0x69, 0x63,
  0x65, 0x5f, 0x34, 0x00, 0x01, 0x00, 0x00, 0x00, 0x50, 0x00, 0x00, 0x00, 0xaa, 0xf3, 0xff, 0xff,
  0x00, 0x00, 0x00, 0x01, 0x10, 0x00, 0x00, 0x00, 0x10, 0x00, 0x00, 0x00, 0x39, 0x00, 0x00, 0x00,
  0x14, 0x00, 0x00, 0x00, 0xac, 0xf2, 0xff, 0xff, 0x05, 0x00, 0x00, 0x00, 0x53, 0x75, 0x6d, 0x5f,
  0x33, 0x00, 0x00, 0x00, 0x01, 0x00, 0x00, 0x00, 0x50, 0x00, 0x00, 0x00, 0xda, 0xf3, 0xff, 0xff,
  0x00, 0x00, 0x00, 0x01, 0x10, 0x00, 0x00, 0x00, 0x10, 0x00, 0x00, 0x00, 0x38, 0x00, 0x00, 0x00,
  0x14, 0x00, 0x00, 0x00, 0xdc, 0xf2, 0xff, 0xff, 0x05, 0x00, 0x00, 0x00, 0x6d, 0x75, 0x6c, 0x5f,
  0x34, 0x00, 0x00, 0x00, 0x02, 0x00, 0x00, 0x00, 0x50, 0x00, 0x00, 0x00, 0x50, 0x00, 0x00, 0x00,
  0x0e, 0xf4, 0xff, 0xff, 0x00, 0x00, 0x00, 0x01, 0x10, 0x00, 0x00, 0x00, 0x10, 0x00, 0x00, 0x00,
  0x37, 0x00, 0x00, 0x00, 0x1c, 0x00, 0x00, 0x00, 0x10, 0xf3, 0xff, 0xff, 0x0f, 0x00, 0x00, 0x00,
  0x73, 0x74, 0x72, 0x69, 0x64, 0x65, 0x64, 0x5f, 0x73, 0x6c, 0x69, 0x63, 0x65, 0x5f, 0x33, 0x00,
  0x01, 0x00, 0x00, 0x00, 0x50, 0x00, 0x00, 0x00, 0x46, 0xf4, 0xff, 0xff, 0x00, 0x00, 0x00, 0x01,
  0x10, 0x00, 0x00, 0x00, 0x10, 0x00, 0x00, 0x00, 0x36, 0x00, 0x00, 0x00, 0x14, 0x00, 0x00, 0x00,
  0x48, 0xf3, 0xff, 0xff, 0x05, 0x00, 0x00, 0x00, 0x53, 0x75, 0x6d, 0x5f, 0x32, 0x00, 0x00, 0x00,
  0x01, 0x00, 0x00, 0x00, 0x50, 0x00, 0x00, 0x00, 0x76, 0xf4, 0xff, 0xff, 0x00, 0x00, 0x00, 0x01,
  0x10, 0x00, 0x00, 0x00, 0x10, 0x00, 0x00, 0x00, 0x35, 0x00, 0x00, 0x00, 0x14, 0x00, 0x00, 0x00,
  0x78, 0xf3, 0xff, 0xff, 0x05, 0x00, 0x00, 0x00, 0x6d, 0x75, 0x6c, 0x5f, 0x33, 0x00, 0x00, 0x00,
  0x02, 0x00, 0x00, 0x00, 0x50, 0x00, 0x00, 0x00, 0x50, 0x00, 0x00, 0x00, 0xaa, 0xf4, 0xff, 0xff,
  0x00, 0x00, 0x00, 0x01, 0x10, 0x00, 0x00, 0x00, 0x10, 0x00, 0x00, 0x00, 0x34, 0x00, 0x00, 0x00,
  0x1c, 0x00, 0x00, 0x00, 0xac, 0xf3, 0xff, 0xff, 0x0f, 0x00, 0x00, 0x00, 0x73, 0x74, 0x72, 0x69,
  0x64, 0x65, 0x64, 0x5f, 0x73, 0x6c, 0x69, 0x63, 0x65, 0x5f, 0x32, 0x00, 0x01, 0x00, 0x00, 0x00,
  0x50, 0x00, 0x00, 0x00, 0xe2, 0xf4, 0xff, 0xff, 0x00, 0x00, 0x00, 0x01, 0x10, 0x00, 0x00, 0x00,
  0x10, 0x00, 0x00, 0x00, 0x33, 0x00, 0x00, 0x00, 0x14, 0x00, 0x00, 0x00, 0xe4, 0xf3, 0xff, 0xff,
  0x05, 0x00, 0x00, 0x00, 0x53, 0x75, 0x6d, 0x5f, 0x31, 0x00, 0x00, 0x00, 0x01, 0x00, 0x00, 0x00,
  0x50, 0x00, 0x00, 0x00, 0x12, 0xf5, 0xff, 0xff, 0x00, 0x00, 0x00, 0x01, 0x10, 0x00, 0x00, 0x00,
  0x10, 0x00, 0x00, 0x00, 0x32, 0x00, 0x00, 0x00, 0x14, 0x00, 0x00, 0x00, 0x14, 0xf4, 0xff, 0xff,
  0x05, 0x00, 0x00, 0x00, 0x6d, 0x75, 0x6c, 0x5f, 0x32, 0x00, 0x00, 0x00, 0x02, 0x00, 0x00, 0x00,
  0x50, 0x00, 0x00, 0x00, 0x50, 0x00, 0x00, 0x00, 0x46, 0xf5, 0xff, 0xff, 0x00, 0x00, 0x00, 0x01,
  0x10, 0x00, 0x00, 0x00, 0x10, 0x00, 0x00, 0x00, 0x31, 0x00, 0x00, 0x00, 0x1c, 0x00, 0x00, 0x00,
  0x48, 0xf4, 0xff, 0xff, 0x0f, 0x00, 0x00, 0x00, 0x73, 0x74, 0x72, 0x69, 0x64, 0x65, 0x64, 0x5f,
  0x73, 0x6c, 0x69, 0x63, 0x65, 0x5f, 0x31, 0x00, 0x01, 0x00, 0x00, 0x00, 0x50, 0x00, 0x00, 0x00,
  0x7e, 0xf5, 0xff, 0xff, 0x00, 0x00, 0x00, 0x01, 0x10, 0x00, 0x00, 0x00, 0x10, 0x00, 0x00, 0x00,
  0x30, 0x00, 0x00, 0x00, 0x10, 0x00, 0x00, 0x00, 0x80, 0xf4, 0xff, 0xff, 0x03, 0x00, 0x00, 0x00,
  0x53, 0x75, 0x6d, 0x00, 0x01, 0x00, 0x00, 0x00, 0x50, 0x00, 0x00, 0x00, 0xaa, 0xf5, 0xff, 0xff,
  0x00, 0x00, 0x00, 0x01, 0x10, 0x00, 0x00, 0x00, 0x10, 0x00, 0x00, 0x00, 0x2f, 0x00, 0x00, 0x00,
  0x14, 0x00, 0x00, 0x00, 0xac, 0xf4, 0xff, 0xff, 0x05, 0x00, 0x00, 0x00, 0x6d, 0x75, 0x6c, 0x5f,
  0x31, 0x00, 0x00, 0x00, 0x02, 0x00, 0x00, 0x00, 0x50, 0x00, 0x00, 0x00, 0x50, 0x00, 0x00, 0x00,
  0xde, 0xf5, 0xff, 0xff, 0x00, 0x00, 0x00, 0x01, 0x10, 0x00, 0x00, 0x00, 0x10, 0x00, 0x00, 0x00,
  0x2e, 0x00, 0x00, 0x00, 0x1c, 0x00, 0x00, 0x00, 0xe0, 0xf4, 0xff, 0xff, 0x0d, 0x00, 0x00, 0x00,
  0x73, 0x74, 0x72, 0x69, 0x64, 0x65, 0x64, 0x5f, 0x73, 0x6c, 0x69, 0x63, 0x65, 0x00, 0x00, 0x00,
  0x01, 0x00, 0x00, 0x00, 0x50, 0x00, 0x00, 0x00, 0x16, 0xf6, 0xff, 0xff, 0x00, 0x00, 0x00, 0x01,
  0x10, 0x00, 0x00, 0x00, 0x10, 0x00, 0x00, 0x00, 0x2d, 0x00, 0x00, 0x00, 0x14, 0x00, 0x00, 0x00,
  0x18, 0xf5, 0xff, 0xff, 0x07, 0x00, 0x00, 0x00, 0x53, 0x6c, 0x69, 0x63, 0x65, 0x5f, 0x32, 0x00,
  0x02, 0x00, 0x00, 0x00, 0x50, 0x00, 0x00, 0x00, 0x08, 0x00, 0x00, 0x00, 0x4a, 0xf6, 0xff, 0xff,
  0x00, 0x00, 0x00, 0x01, 0x10, 0x00, 0x00, 0x00, 0x10, 0x00, 0x00, 0x00, 0x2c, 0x00, 0x00, 0x00,
  0x14, 0x00, 0x00, 0x00, 0x4c, 0xf5, 0xff, 0xff, 0x07, 0x00, 0x00, 0x00, 0x53, 0x6f, 0x66, 0x74,
  0x6d, 0x61, 0x78, 0x00, 0x02, 0x00, 0x00, 0x00, 0x50, 0x00, 0x00, 0x00, 0x50, 0x00, 0x00, 0x00,
  0x7e, 0xf6, 0xff, 0xff, 0x00, 0x00, 0x00, 0x01, 0x10, 0x00, 0x00, 0x00, 0x10, 0x00, 0x00, 0x00,
  0x2b, 0x00, 0x00, 0x00, 0x10, 0x00, 0x00, 0x00, 0x80, 0xf5, 0xff, 0xff, 0x03, 0x00, 0x00, 0x00,
  0x6d, 0x75, 0x6c, 0x00, 0x02, 0x00, 0x00, 0x00, 0x50, 0x00, 0x00, 0x00, 0x50, 0x00, 0x00, 0x00,
  0xae, 0xf6, 0xff, 0xff, 0x00, 0x00, 0x00, 0x01, 0x10, 0x00, 0x00, 0x00, 0x10, 0x00, 0x00, 0x00,
  0x2a, 0x00, 0x00, 0x00, 0x18, 0x00, 0x00, 0x00, 0xb0, 0xf5, 0xff, 0xff, 0x08, 0x00, 0x00, 0x00,
  0x4d, 0x61, 0x74, 0x4d, 0x75, 0x6c, 0x5f, 0x32, 0x00, 0x00, 0x00, 0x00, 0x02, 0x00, 0x00, 0x00,
  0x50, 0x00, 0x00, 0x00, 0x50, 0x00, 0x00, 0x00, 0xe6, 0xf6, 0xff, 0xff, 0x00, 0x00, 0x00, 0x01,
  0x10, 0x00, 0x00, 0x00, 0x10, 0x00, 0x00, 0x00, 0x29, 0x00, 0x00, 0x00, 0x14, 0x00, 0x00, 0x00,
  0xe8, 0xf5, 0xff, 0xff, 0x07, 0x00, 0x00, 0x00, 0x53, 0x6c, 0x69, 0x63, 0x65, 0x5f, 0x31, 0x00,
  0x02, 0x00, 0x00, 0x00, 0x50, 0x00, 0x00, 0x00, 0x08, 0x00, 0x00, 0x00, 0x1a, 0xf7, 0xff, 0xff,
  0x00, 0x00, 0x00, 0x01, 0x10, 0x00, 0x00, 0x00, 0x10, 0x00, 0x00, 0x00, 0x28, 0x00, 0x00, 0x00,
  0x14, 0x00, 0x00, 0x00, 0x1c, 0xf6, 0xff, 0xff, 0x05, 0x00, 0x00, 0x00, 0x53, 0x6c, 0x69, 0x63,
  0x65, 0x00, 0x00, 0x00, 0x02, 0x00, 0x00, 0x00, 0x50, 0x00, 0x00, 0x00, 0x08, 0x00, 0x00, 0x00,
  0x4e, 0xf7, 0xff, 0xff, 0x00, 0x00, 0x00, 0x01, 0x10, 0x00, 0x00, 0x00, 0x10, 0x00, 0x00, 0x00,
  0x27, 0x00, 0x00, 0x00, 0x14, 0x00, 0x00, 0x00, 0x50, 0xf6, 0xff, 0xff, 0x06, 0x00, 0x00, 0x00,
  0x73, 0x70, 0x6c, 0x69, 0x74, 0x32, 0x00, 0x00, 0x02, 0x00, 0x00, 0x00, 0x50, 0x00, 0x00, 0x00,
  0x10, 0x00, 0x00, 0x00, 0x82, 0xf7, 0xff, 0xff, 0x00, 0x00, 0x00, 0x01, 0x10, 0x00, 0x00, 0x00,
  0x10, 0x00, 0x00, 0x00, 0x26, 0x00, 0x00, 0x00, 0x14, 0x00, 0x00, 0x00, 0x84, 0xf6, 0xff, 0xff,
  0x06, 0x00, 0x00, 0x00, 0x73, 0x70, 0x6c, 0x69, 0x74, 0x31, 0x00, 0x00, 0x02, 0x00, 0x00, 0x00,
  0x50, 0x00, 0x00, 0x00, 0x10, 0x00, 0x00, 0x00, 0xb6, 0xf7, 0xff, 0xff, 0x00, 0x00, 0x00, 0x01,
  0x10, 0x00, 0x00, 0x00, 0x10, 0x00, 0x00, 0x00, 0x25, 0x00, 0x00, 0x00, 0x14, 0x00, 0x00, 0x00,
  0xb8, 0xf6, 0xff, 0xff, 0x05, 0x00, 0x00, 0x00, 0x73, 0x70, 0x6c, 0x69, 0x74, 0x00, 0x00, 0x00,
  0x02, 0x00, 0x00, 0x00, 0x50, 0x00, 0x00, 0x00, 0x10, 0x00, 0x00, 0x00, 0xea, 0xf7, 0xff, 0xff,
  0x00, 0x00, 0x00, 0x01, 0x10, 0x00, 0x00, 0x00, 0x10, 0x00, 0x00, 0x00, 0x24, 0x00, 0x00, 0x00,
  0x1c, 0x00, 0x00, 0x00, 0xec, 0xf6, 0xff, 0xff, 0x0e, 0x00, 0x00, 0x00, 0x4d, 0x61, 0x74, 0x4d,
  0x75, 0x6c, 0x5f, 0x31, 0x3b, 0x61, 0x64, 0x64, 0x5f, 0x32, 0x00, 0x00, 0x02, 0x00, 0x00, 0x00,
  0x50, 0x00, 0x00, 0x00, 0x30, 0x00, 0x00, 0x00, 0x26, 0xf8, 0xff, 0xff, 0x00, 0x00, 0x00, 0x01,
  0x10, 0x00, 0x00, 0x00, 0x10, 0x00, 0x00, 0x00, 0x23, 0x00, 0x00, 0x00, 0x28, 0x00, 0x00, 0x00,
  0x28, 0xf7, 0xff, 0xff, 0x19, 0x00, 0x00, 0x00, 0x61, 0x64, 0x64, 0x5f, 0x31, 0x3b, 0x43, 0x6f,
  0x6e, 0x73, 0x74, 0x5f, 0x31, 0x3b, 0x61, 0x64, 0x64, 0x3b, 0x43, 0x6f, 0x6e, 0x73, 0x74, 0x5f,
  0x32, 0x00, 0x00, 0x00, 0x02, 0x00, 0x00, 0x00, 0x50, 0x00, 0x00, 0x00, 0x10, 0x00, 0x00, 0x00,
  0x6e, 0xf8, 0xff, 0xff, 0x00, 0x00, 0x00, 0x01, 0x10, 0x00, 0x00, 0x00, 0x10, 0x00, 0x00, 0x00,
  0x22, 0x00, 0x00, 0x00, 0x14, 0x00, 0x00, 0x00, 0x70, 0xf7, 0xff, 0xff, 0x06, 0x00, 0x00, 0x00,
  0x4d, 0x61, 0x74, 0x4d, 0x75, 0x6c, 0x00, 0x00, 0x02, 0x00, 0x00, 0x00, 0x50, 0x00, 0x00, 0x00,
  0x10, 0x00, 0x00, 0x00, 0x8a, 0xfc, 0xff, 0xff, 0x00, 0x00, 0x00, 0x01, 0x14, 0x00, 0x00, 0x00,
  0x14, 0x00, 0x00, 0x00, 0x21, 0x00, 0x00, 0x00, 0x00, 0x00, 0x00, 0x02, 0x20, 0x00, 0x00, 0x00,
  0xa8, 0xf7, 0xff, 0xff, 0x10, 0x00, 0x00, 0x00, 0x61, 0x72, 0x69, 0x74, 0x68, 0x2e, 0x63, 0x6f,
  0x6e, 0x73, 0x74, 0x61, 0x6e, 0x74, 0x32, 0x31, 0x00, 0x00, 0x00, 0x00, 0x01, 0x00, 0x00, 0x00,
  0x02, 0x00, 0x00, 0x00, 0xca, 0xfc, 0xff, 0xff, 0x00, 0x00, 0x00, 0x01, 0x14, 0x00, 0x00, 0x00,
  0x14, 0x00, 0x00, 0x00, 0x20, 0x00, 0x00, 0x00, 0x00, 0x00, 0x00, 0x02, 0x20, 0x00, 0x00, 0x00,
  0xe8, 0xf7, 0xff, 0xff, 0x10, 0x00, 0x00, 0x00, 0x61, 0x72, 0x69, 0x74, 0x68, 0x2e, 0x63, 0x6f,
  0x6e, 0x73, 0x74, 0x61, 0x6e, 0x74, 0x32, 0x30, 0x00, 0x00, 0x00, 0x00, 0x01, 0x00, 0x00, 0x00,
  0x02, 0x00, 0x00, 0x00, 0x0a, 0xfd, 0xff, 0xff, 0x00, 0x00, 0x00, 0x01, 0x14, 0x00, 0x00, 0x00,
  0x14, 0x00, 0x00, 0x00, 0x1f, 0x00, 0x00, 0x00, 0x00, 0x00, 0x00, 0x02, 0x20, 0x00, 0x00, 0x00,
  0x28, 0xf8, 0xff, 0xff, 0x10, 0x00, 0x00, 0x00, 0x61, 0x72, 0x69, 0x74, 0x68, 0x2e, 0x63, 0x6f,
  0x6e, 0x73, 0x74, 0x61, 0x6e, 0x74, 0x31, 0x39, 0x00, 0x00, 0x00, 0x00, 0x01, 0x00, 0x00, 0x00,
  0x02, 0x00, 0x00, 0x00, 0x4a, 0xfd, 0xff, 0xff, 0x00, 0x00, 0x00, 0x01, 0x14, 0x00, 0x00, 0x00,
  0x14, 0x00, 0x00, 0x00, 0x1e, 0x00, 0x00, 0x00, 0x00, 0x00, 0x00, 0x02, 0x20, 0x00, 0x00, 0x00,
  0x68, 0xf8, 0xff, 0xff, 0x10, 0x00, 0x00, 0x00, 0x61, 0x72, 0x69, 0x74, 0x68, 0x2e, 0x63, 0x6f,
  0x6e, 0x73, 0x74, 0x61, 0x6e, 0x74, 0x31, 0x38, 0x00, 0x00, 0x00, 0x00, 0x01, 0x00, 0x00, 0x00,
  0x02, 0x00, 0x00, 0x00, 0x8a, 0xfd, 0xff, 0xff, 0x00, 0x00, 0x00, 0x01, 0x14, 0x00, 0x00, 0x00,
  0x14, 0x00, 0x00, 0x00, 0x1d, 0x00, 0x00, 0x00, 0x00, 0x00, 0x00, 0x02, 0x20, 0x00, 0x00, 0x00,
  0xa8, 0xf8, 0xff, 0xff, 0x10, 0x00, 0x00, 0x00, 0x61, 0x72, 0x69, 0x74, 0x68, 0x2e, 0x63, 0x6f,
  0x6e, 0x73, 0x74, 0x61, 0x6e, 0x74, 0x31, 0x37, 0x00, 0x00, 0x00, 0x00, 0x01, 0x00, 0x00, 0x00,
  0x02, 0x00, 0x00, 0x00, 0xca, 0xfd, 0xff, 0xff, 0x00, 0x00, 0x00, 0x01, 0x14, 0x00, 0x00, 0x00,
  0x14, 0x00, 0x00, 0x00, 0x1c, 0x00, 0x00, 0x00, 0x00, 0x00, 0x00, 0x02, 0x20, 0x00, 0x00, 0x00,
  0xe8, 0xf8, 0xff, 0xff, 0x10, 0x00, 0x00, 0x00, 0x61, 0x72, 0x69, 0x74, 0x68, 0x2e, 0x63, 0x6f,
  0x6e, 0x73, 0x74, 0x61, 0x6e, 0x74, 0x31, 0x36, 0x00, 0x00, 0x00, 0x00, 0x01, 0x00, 0x00, 0x00,
  0x02, 0x00, 0x00, 0x00, 0x0a, 0xfe, 0xff, 0xff, 0x00, 0x00, 0x00, 0x01, 0x14, 0x00, 0x00, 0x00,
  0x14, 0x00, 0x00, 0x00, 0x1b, 0x00, 0x00, 0x00, 0x00, 0x00, 0x00, 0x02, 0x20, 0x00, 0x00, 0x00,
  0x28, 0xf9, 0xff, 0xff, 0x10, 0x00, 0x00, 0x00, 0x61, 0x72, 0x69, 0x74, 0x68, 0x2e, 0x63, 0x6f,
  0x6e, 0x73, 0x74, 0x61, 0x6e, 0x74, 0x31, 0x35, 0x00, 0x00, 0x00, 0x00, 0x01, 0x00, 0x00, 0x00,
  0x02, 0x00, 0x00, 0x00, 0x4a, 0xfe, 0xff, 0xff, 0x00, 0x00, 0x00, 0x01, 0x14, 0x00, 0x00, 0x00,
  0x14, 0x00, 0x00, 0x00, 0x1a, 0x00, 0x00, 0x00, 0x00, 0x00, 0x00, 0x02, 0x20, 0x00, 0x00, 0x00,
  0x68, 0xf9, 0xff, 0xff, 0x10, 0x00, 0x00, 0x00, 0x61, 0x72, 0x69, 0x74, 0x68, 0x2e, 0x63, 0x6f,
  0x6e, 0x73, 0x74, 0x61, 0x6e, 0x74, 0x31, 0x34, 0x00, 0x00, 0x00, 0x00, 0x01, 0x00, 0x00, 0x00,
  0x02, 0x00, 0x00, 0x00, 0xa2, 0xfa, 0xff, 0xff, 0x00, 0x00, 0x00, 0x01, 0x10, 0x00, 0x00, 0x00,
  0x10, 0x00, 0x00, 0x00, 0x19, 0x00, 0x00, 0x00, 0x20, 0x00, 0x00, 0x00, 0xa4, 0xf9, 0xff, 0xff,
  0x10, 0x00, 0x00, 0x00, 0x61, 0x72, 0x69, 0x74, 0x68, 0x2e, 0x63, 0x6f, 0x6e, 0x73, 0x74, 0x61,
  0x6e, 0x74, 0x31, 0x33, 0x00, 0x00, 0x00, 0x00, 0x00, 0x00, 0x00, 0x00, 0xc2, 0xfe, 0xff, 0xff,
  0x00, 0x00, 0x00, 0x01, 0x14, 0x00, 0x00, 0x00, 0x14, 0x00, 0x00, 0x00, 0x18, 0x00, 0x00, 0x00,
  0x00, 0x00, 0x00, 0x02, 0x20, 0x00, 0x00, 0x00, 0xe0, 0xf9, 0xff, 0xff, 0x10, 0x00, 0x00, 0x00,
  0x61, 0x72, 0x69, 0x74, 0x68, 0x2e, 0x63, 0x6f, 0x6e, 0x73, 0x74, 0x61, 0x6e, 0x74, 0x31, 0x32,
  0x00, 0x00, 0x00, 0x00, 0x00, 0x00, 0x00, 0x00, 0xfe, 0xfe, 0xff, 0xff, 0x00, 0x00, 0x00, 0x01,
  0x14, 0x00, 0x00, 0x00, 0x14, 0x00, 0x00, 0x00, 0x17, 0x00, 0x00, 0x00, 0x00, 0x00, 0x00, 0x02,
  0x20, 0x00, 0x00, 0x00, 0x1c, 0xfa, 0xff, 0xff, 0x10, 0x00, 0x00, 0x00, 0x61, 0x72, 0x69, 0x74,
  0x68, 0x2e, 0x63, 0x6f, 0x6e, 0x73, 0x74, 0x61, 0x6e, 0x74, 0x31, 0x31, 0x00, 0x00, 0x00, 0x00,
  0x01, 0x00, 0x00, 0x00, 0x02, 0x00, 0x00, 0x00, 0x3e, 0xff, 0xff, 0xff, 0x00, 0x00, 0x00, 0x01,
  0x14, 0x00, 0x00, 0x00, 0x14, 0x00, 0x00, 0x00, 0x16, 0x00, 0x00, 0x00, 0x00, 0x00, 0x00, 0x02,
  0x20, 0x00, 0x00, 0x00, 0x5c, 0xfa, 0xff, 0xff, 0x10, 0x00, 0x00, 0x00, 0x61, 0x72, 0x69, 0x74,
  0x68, 0x2e, 0x63, 0x6f, 0x6e, 0x73, 0x74, 0x61, 0x6e, 0x74, 0x31, 0x30, 0x00, 0x00, 0x00, 0x00,
  0x01, 0x00, 0x00, 0x00, 0x02, 0x00, 0x00, 0x00, 0x7e, 0xff, 0xff, 0xff, 0x00, 0x00, 0x00, 0x01,
  0x14, 0x00, 0x00, 0x00, 0x14, 0x00, 0x00, 0x00, 0x15, 0x00, 0x00, 0x00, 0x00, 0x00, 0x00, 0x02,
  0x1c, 0x00, 0x00, 0x00, 0x9c, 0xfa, 0xff, 0xff, 0x0f, 0x00, 0x00, 0x00, 0x61, 0x72, 0x69, 0x74,
  0x68, 0x2e, 0x63, 0x6f, 0x6e, 0x73, 0x74, 0x61, 0x6e, 0x74, 0x39, 0x00, 0x01, 0x00, 0x00, 0x00,
  0x02, 0x00, 0x00, 0x00, 0xba, 0xff, 0xff, 0xff, 0x00, 0x00, 0x00, 0x01, 0x14, 0x00, 0x00, 0x00,
  0x14, 0x00, 0x00, 0x00, 0x14, 0x00, 0x00, 0x00, 0x00, 0x00, 0x00, 0x02, 0x28, 0x00, 0x00, 0x00,
  0xd8, 0xfa, 0xff, 0xff, 0x18, 0x00, 0x00, 0x00, 0x4d, 0x65, 0x61, 0x6e, 0x5f, 0x34, 0x2f, 0x72,
  0x65, 0x64, 0x75, 0x63, 0x74, 0x69, 0x6f, 0x6e, 0x5f, 0x69, 0x6e, 0x64, 0x69, 0x63, 0x65, 0x73,
  0x00, 0x00, 0x00, 0x00, 0x00, 0x00, 0x00, 0x00, 0x00, 0x00, 0x16, 0x00, 0x1c, 0x00, 0x18, 0x00,
  0x17, 0x00, 0x10, 0x00, 0x0c, 0x00, 0x08, 0x00, 0x00, 0x00, 0x00, 0x00, 0x00, 0x00, 0x07, 0x00,
  0x16, 0x00, 0x00, 0x00, 0x00, 0x00, 0x00, 0x01, 0x14, 0x00, 0x00, 0x00, 0x14, 0x00, 0x00, 0x00,
  0x13, 0x00, 0x00, 0x00, 0x00, 0x00, 0x00, 0x02, 0x1c, 0x00, 0x00, 0x00, 0x34, 0xfb, 0xff, 0xff,
  0x0f, 0x00, 0x00, 0x00, 0x61, 0x72, 0x69, 0x74, 0x68, 0x2e, 0x63, 0x6f, 0x6e, 0x73, 0x74, 0x61,
  0x6e, 0x74, 0x38, 0x00, 0x00, 0x00, 0x00, 0x00, 0x66, 0xfc, 0xff, 0xff, 0x00, 0x00, 0x00, 0x01,
  0x10, 0x00, 0x00, 0x00, 0x10, 0x00, 0x00, 0x00, 0x12, 0x00, 0x00, 0x00, 0x14, 0x00, 0x00, 0x00,
  0x68, 0xfb, 0xff, 0xff, 0x07, 0x00, 0x00, 0x00, 0x43, 0x6f, 0x6e, 0x73, 0x74, 0x5f, 0x39, 0x00,
  0x01, 0x00, 0x00, 0x00, 0x10, 0x00, 0x00, 0x00, 0x96, 0xfc, 0xff, 0xff, 0x00, 0x00, 0x00, 0x01,
  0x10, 0x00, 0x00, 0x00, 0x10, 0x00, 0x00, 0x00, 0x11, 0x00, 0x00, 0x00, 0x14, 0x00, 0x00, 0x00,
  0x98, 0xfb, 0xff, 0xff, 0x07, 0x00, 0x00, 0x00, 0x43, 0x6f, 0x6e, 0x73, 0x74, 0x5f, 0x38, 0x00,
  0x01, 0x00, 0x00, 0x00, 0x10, 0x00, 0x00, 0x00, 0xc6, 0xfc, 0xff, 0xff, 0x00, 0x00, 0x00, 0x01,
  0x10, 0x00, 0x00, 0x00, 0x10, 0x00, 0x00, 0x00, 0x10, 0x00, 0x00, 0x00, 0x14, 0x00, 0x00, 0x00,
  0xc8, 0xfb, 0xff, 0xff, 0x07, 0x00, 0x00, 0x00, 0x43, 0x6f, 0x6e, 0x73, 0x74, 0x5f, 0x37, 0x00,
  0x01, 0x00, 0x00, 0x00, 0x10, 0x00, 0x00, 0x00, 0xf6, 0xfc, 0xff, 0xff, 0x00, 0x00, 0x00, 0x01,
  0x10, 0x00, 0x00, 0x00, 0x10, 0x00, 0x00, 0x00, 0x0f, 0x00, 0x00, 0x00, 0x14, 0x00, 0x00, 0x00,
  0xf8, 0xfb, 0xff, 0xff, 0x07, 0x00, 0x00, 0x00, 0x43, 0x6f, 0x6e, 0x73, 0x74, 0x5f, 0x35, 0x00,
  0x00, 0x00, 0x00, 0x00, 0x22, 0xfd, 0xff, 0xff, 0x00, 0x00, 0x00, 0x01, 0x10, 0x00, 0x00, 0x00,
  0x10, 0x00, 0x00, 0x00, 0x0e, 0x00, 0x00, 0x00, 0x14, 0x00, 0x00, 0x00, 0x24, 0xfc, 0xff, 0xff,
  0x07, 0x00, 0x00, 0x00, 0x43, 0x6f, 0x6e, 0x73, 0x74, 0x5f, 0x34, 0x00, 0x01, 0x00, 0x00, 0x00,
  0x30, 0x00, 0x00, 0x00, 0x52, 0xfd, 0xff, 0xff, 0x00, 0x00, 0x00, 0x01, 0x10, 0x00, 0x00, 0x00,
  0x10, 0x00, 0x00, 0x00, 0x0d, 0x00, 0x00, 0x00, 0x18, 0x00, 0x00, 0x00, 0x54, 0xfc, 0xff, 0xff,
  0x08, 0x00, 0x00, 0x00, 0x43, 0x6f, 0x6e, 0x73, 0x74, 0x5f, 0x31, 0x37, 0x00, 0x00, 0x00, 0x00,
  0x01, 0x00, 0x00, 0x00, 0x06, 0x00, 0x00, 0x00, 0x86, 0xfd, 0xff, 0xff, 0x00, 0x00, 0x00, 0x01,
  0x10, 0x00, 0x00, 0x00, 0x10, 0x00, 0x00, 0x00, 0x0c, 0x00, 0x00, 0x00, 0x18, 0x00, 0x00, 0x00,
  0x88, 0xfc, 0xff, 0xff, 0x08, 0x00, 0x00, 0x00, 0x43, 0x6f, 0x6e, 0x73, 0x74, 0x5f, 0x31, 0x35,
  0x00, 0x00, 0x00, 0x00, 0x01, 0x00, 0x00, 0x00, 0x10, 0x00, 0x00, 0x00, 0xba, 0xfd, 0xff, 0xff,
  0x00, 0x00, 0x00, 0x01, 0x10, 0x00, 0x00, 0x00, 0x10, 0x00, 0x00, 0x00, 0x0b, 0x00, 0x00, 0x00,
  0x18, 0x00, 0x00, 0x00, 0xbc, 0xfc, 0xff, 0xff, 0x08, 0x00, 0x00, 0x00, 0x43, 0x6f, 0x6e, 0x73,
  0x74, 0x5f, 0x31, 0x34, 0x00, 0x00, 0x00, 0x00, 0x01, 0x00, 0x00, 0x00, 0x10, 0x00, 0x00, 0x00,
  0xee, 0xfd, 0xff, 0xff, 0x00, 0x00, 0x00, 0x01, 0x10, 0x00, 0x00, 0x00, 0x10, 0x00, 0x00, 0x00,
  0x0a, 0x00, 0x00, 0x00, 0x18, 0x00, 0x00, 0x00, 0xf0, 0xfc, 0xff, 0xff, 0x08, 0x00, 0x00, 0x00,
  0x43, 0x6f, 0x6e, 0x73, 0x74, 0x5f, 0x31, 0x33, 0x00, 0x00, 0x00, 0x00, 0x01, 0x00, 0x00, 0x00,
  0x10, 0x00, 0x00, 0x00, 0x22, 0xfe, 0xff, 0xff, 0x00, 0x00, 0x00, 0x01, 0x10, 0x00, 0x00, 0x00,
  0x10, 0x00, 0x00, 0x00, 0x09, 0x00, 0x00, 0x00, 0x1c, 0x00, 0x00, 0x00, 0x24, 0xfd, 0xff, 0xff,
  0x0f, 0x00, 0x00, 0x00, 0x61, 0x72, 0x69, 0x74, 0x68, 0x2e, 0x63, 0x6f, 0x6e, 0x73, 0x74, 0x61,
  0x6e, 0x74, 0x37, 0x00, 0x02, 0x00, 0x00, 0x00, 0x10, 0x00, 0x00, 0x00, 0x03, 0x00, 0x00, 0x00,
  0x5e, 0xfe, 0xff, 0xff, 0x00, 0x00, 0x00, 0x01, 0x10, 0x00, 0x00, 0x00, 0x10, 0x00, 0x00, 0x00,
  0x08, 0x00, 0x00, 0x00, 0x1c, 0x00, 0x00, 0x00, 0x60, 0xfd, 0xff, 0xff, 0x0f, 0x00, 0x00, 0x00,
  0x61, 0x72, 0x69, 0x74, 0x68, 0x2e, 0x63, 0x6f, 0x6e, 0x73, 0x74, 0x61, 0x6e, 0x74, 0x36, 0x00,
  0x02, 0x00, 0x00, 0x00, 0x30, 0x00, 0x00, 0x00, 0x10, 0x00, 0x00, 0x00, 0x9a, 0xfe, 0xff, 0xff,
  0x00, 0x00, 0x00, 0x01, 0x10, 0x00, 0x00, 0x00, 0x10, 0x00, 0x00, 0x00, 0x07, 0x00, 0x00, 0x00,
  0x1c, 0x00, 0x00, 0x00, 0x9c, 0xfd, 0xff, 0xff, 0x0f, 0x00, 0x00, 0x00, 0x61, 0x72, 0x69, 0x74,
  0x68, 0x2e, 0x63, 0x6f, 0x6e, 0x73, 0x74, 0x61, 0x6e, 0x74, 0x35, 0x00, 0x02, 0x00, 0x00, 0x00,
  0x10, 0x00, 0x00, 0x00, 0x10, 0x00, 0x00, 0x00, 0xd6, 0xfe, 0xff, 0xff, 0x00, 0x00, 0x00, 0x01,
  0x10, 0x00, 0x00, 0x00, 0x10, 0x00, 0x00, 0x00, 0x06, 0x00, 0x00, 0x00, 0x1c, 0x00, 0x00, 0x00,
  0xd8, 0xfd, 0xff, 0xff, 0x0f, 0x00, 0x00, 0x00, 0x61, 0x72, 0x69, 0x74, 0x68, 0x2e, 0x63, 0x6f,
  0x6e, 0x73, 0x74, 0x61, 0x6e, 0x74, 0x34, 0x00, 0x02, 0x00, 0x00, 0x00, 0x10, 0x00, 0x00, 0x00,
  0x20, 0x00, 0x00, 0x00, 0x12, 0xff, 0xff, 0xff, 0x00, 0x00, 0x00, 0x01, 0x10, 0x00, 0x00, 0x00,
  0x10, 0x00, 0x00, 0x00, 0x05, 0x00, 0x00, 0x00, 0x1c, 0x00, 0x00, 0x00, 0x14, 0xfe, 0xff, 0xff,
  0x0f, 0x00, 0x00, 0x00, 0x61, 0x72, 0x69, 0x74, 0x68, 0x2e, 0x63, 0x6f, 0x6e, 0x73, 0x74, 0x61,
  0x6e, 0x74, 0x33, 0x00, 0x02, 0x00, 0x00, 0x00, 0x06, 0x00, 0x00, 0x00, 0x10, 0x00, 0x00, 0x00,
  0x4e, 0xff, 0xff, 0xff, 0x00, 0x00, 0x00, 0x01, 0x10, 0x00, 0x00, 0x00, 0x10, 0x00, 0x00, 0x00,
  0x04, 0x00, 0x00, 0x00, 0x1c, 0x00, 0x00, 0x00, 0x50, 0xfe, 0xff, 0xff, 0x0f, 0x00, 0x00, 0x00,
  0x61, 0x72, 0x69, 0x74, 0x68, 0x2e, 0x63, 0x6f, 0x6e, 0x73, 0x74, 0x61, 0x6e, 0x74, 0x32, 0x00,
  0x02, 0x00, 0x00, 0x00, 0x50, 0x00, 0x00, 0x00, 0x10, 0x00, 0x00, 0x00, 0x8a, 0xff, 0xff, 0xff,
  0x00, 0x00, 0x00, 0x01, 0x10, 0x00, 0x00, 0x00, 0x10, 0x00, 0x00, 0x00, 0x03, 0x00, 0x00, 0x00,
  0x1c, 0x00, 0x00, 0x00, 0x8c, 0xfe, 0xff, 0xff, 0x0f, 0x00, 0x00, 0x00, 0x61, 0x72, 0x69, 0x74,
  0x68, 0x2e, 0x63, 0x6f, 0x6e, 0x73, 0x74, 0x61, 0x6e, 0x74, 0x31, 0x00, 0x01, 0x00, 0x00, 0x00,
  0x20, 0x00, 0x00, 0x00, 0xc2, 0xff, 0xff, 0xff, 0x00, 0x00, 0x00, 0x01, 0x10, 0x00, 0x00, 0x00,
  0x10, 0x00, 0x00, 0x00, 0x02, 0x00, 0x00, 0x00, 0x1c, 0x00, 0x00, 0x00, 0xc4, 0xfe, 0xff, 0xff,
  0x0e, 0x00, 0x00, 0x00, 0x61, 0x72, 0x69, 0x74, 0x68, 0x2e, 0x63, 0x6f, 0x6e, 0x73, 0x74, 0x61,
  0x6e, 0x74, 0x00, 0x00, 0x02, 0x00, 0x00, 0x00, 0x20, 0x00, 0x00, 0x00, 0x10, 0x00, 0x00, 0x00,
  0x00, 0x00, 0x16, 0x00, 0x18, 0x00, 0x14, 0x00, 0x00, 0x00, 0x10, 0x00, 0x0c, 0x00, 0x08, 0x00,
  0x00, 0x00, 0x00, 0x00, 0x00, 0x00, 0x07, 0x00, 0x16, 0x00, 0x00, 0x00, 0x00, 0x00, 0x00, 0x01,
  0x10, 0x00, 0x00, 0x00, 0x10, 0x00, 0x00, 0x00, 0x01, 0x00, 0x00, 0x00, 0x10, 0x00, 0x00, 0x00,
  0x18, 0xff, 0xff, 0xff, 0x01, 0x00, 0x00, 0x00, 0x78, 0x00, 0x00, 0x00, 0x03, 0x00, 0x00, 0x00,
  0x01, 0x00, 0x00, 0x00, 0x50, 0x00, 0x00, 0x00, 0x03, 0x00, 0x00, 0x00, 0x0e, 0x00, 0x00, 0x00,
  0xdc, 0x00, 0x00, 0x00, 0xc8, 0x00, 0x00, 0x00, 0xb4, 0x00, 0x00, 0x00, 0xa4, 0x00, 0x00, 0x00,
  0x94, 0x00, 0x00, 0x00, 0x84, 0x00, 0x00, 0x00, 0x74, 0x00, 0x00, 0x00, 0x64, 0x00, 0x00, 0x00,
  0x54, 0x00, 0x00, 0x00, 0x44, 0x00, 0x00, 0x00, 0x34, 0x00, 0x00, 0x00, 0x24, 0x00, 0x00, 0x00,
  0x14, 0x00, 0x00, 0x00, 0x04, 0x00, 0x00, 0x00, 0x68, 0xff, 0xff, 0xff, 0x29, 0x00, 0x00, 0x00,
  0x00, 0x00, 0x00, 0x29, 0x74, 0xff, 0xff, 0xff, 0x4c, 0x00, 0x00, 0x00, 0x00, 0x00, 0x00, 0x4c,
  0x80, 0xff, 0xff, 0xff, 0x63, 0x00, 0x00, 0x00, 0x00, 0x00, 0x00, 0x63, 0x8c, 0xff, 0xff, 0xff,
  0x28, 0x00, 0x00, 0x00, 0x00, 0x00, 0x00, 0x28, 0x98, 0xff, 0xff, 0xff, 0x02, 0x00, 0x00, 0x00,
  0x00, 0x00, 0x00, 0x02, 0xa4, 0xff, 0xff, 0xff, 0x53, 0x00, 0x00, 0x00, 0x00, 0x00, 0x00, 0x53,
  0xb0, 0xff, 0xff, 0xff, 0x4a, 0x00, 0x00, 0x00, 0x00, 0x00, 0x00, 0x4a, 0xbc, 0xff, 0xff, 0xff,
  0x2d, 0x00, 0x00, 0x00, 0x00, 0x00, 0x00, 0x2d, 0xc8, 0xff, 0xff, 0xff, 0x19, 0x00, 0x00, 0x00,
  0x00, 0x00, 0x00, 0x19, 0xd4, 0xff, 0xff, 0xff, 0x12, 0x00, 0x00, 0x00, 0x00, 0x00, 0x00, 0x12,
  0xe0, 0xff, 0xff, 0xff, 0x41, 0x00, 0x00, 0x00, 0x00, 0x00, 0x00, 0x41, 0xec, 0xff, 0xff, 0xff,
  0x31, 0x00, 0x00, 0x00, 0x00, 0x00, 0x00, 0x31, 0x04, 0x00, 0x04, 0x00, 0x04, 0x00, 0x00, 0x00,
  0x0c, 0x00, 0x0c, 0x00, 0x0b, 0x00, 0x00, 0x00, 0x00, 0x00, 0x04, 0x00, 0x0c, 0x00, 0x00, 0x00,
  0x09, 0x00, 0x00, 0x00, 0x00, 0x00, 0x00, 0x09,
};
